-- phpMyAdmin SQL Dump
-- version 5.0.2
-- https://www.phpmyadmin.net/
--
-- Host: localhost
-- Generation Time: Jan 22, 2021 at 12:44 PM
-- Server version: 10.4.13-MariaDB
-- PHP Version: 7.3.20

SET SQL_MODE = "NO_AUTO_VALUE_ON_ZERO";
START TRANSACTION;
SET time_zone = "+00:00";


/*!40101 SET @OLD_CHARACTER_SET_CLIENT=@@CHARACTER_SET_CLIENT */;
/*!40101 SET @OLD_CHARACTER_SET_RESULTS=@@CHARACTER_SET_RESULTS */;
/*!40101 SET @OLD_COLLATION_CONNECTION=@@COLLATION_CONNECTION */;
/*!40101 SET NAMES utf8mb4 */;

--
-- Database: `rspgpnru_pnruplant`
--

-- --------------------------------------------------------

--
-- Table structure for table `admin`
--

CREATE TABLE `admin` (
  `AdminID` char(15) COLLATE utf8mb4_thai_520_w2 NOT NULL,
  `user_login` varchar(30) COLLATE utf8mb4_thai_520_w2 NOT NULL,
  `pass_login` varchar(30) COLLATE utf8mb4_thai_520_w2 NOT NULL,
  `status` int(1) NOT NULL
) ENGINE=InnoDB DEFAULT CHARSET=utf8mb4 COLLATE=utf8mb4_thai_520_w2;

--
-- Dumping data for table `admin`
--

INSERT INTO `admin` (`AdminID`, `user_login`, `pass_login`, `status`) VALUES
('001', 'soymilk', '1234', 1);

-- --------------------------------------------------------

--
-- Table structure for table `area`
--

CREATE TABLE `area` (
  `plantlocationID` varchar(60) COLLATE utf8mb4_thai_520_w2 NOT NULL,
  `ZoneID` char(5) COLLATE utf8mb4_thai_520_w2 NOT NULL,
  `PlandetailtID` varchar(60) COLLATE utf8mb4_thai_520_w2 NOT NULL,
  `longtitudeY` varchar(13) COLLATE utf8mb4_thai_520_w2 NOT NULL,
  `latitudeX` varchar(13) COLLATE utf8mb4_thai_520_w2 NOT NULL,
  `status` char(1) COLLATE utf8mb4_thai_520_w2 NOT NULL,
  `statusDate` timestamp NOT NULL DEFAULT current_timestamp() ON UPDATE current_timestamp(),
  `qrcode` varchar(30) COLLATE utf8mb4_thai_520_w2 NOT NULL
) ENGINE=InnoDB DEFAULT CHARSET=utf8mb4 COLLATE=utf8mb4_thai_520_w2;

--
-- Dumping data for table `area`
--

INSERT INTO `area` (`plantlocationID`, `ZoneID`, `PlandetailtID`, `longtitudeY`, `latitudeX`, `status`, `statusDate`, `qrcode`) VALUES
('63201-10220-99-001_1', 'CB04', '63201-10220-99-001', '100.590372', '13.874700', '2', '2020-08-05 13:58:26', ''),
('63201-10220-99-001_2', 'CB04', '63201-10220-99-001', '100.590222', '13.874836', '2', '2020-08-05 13:58:54', ''),
('63201-10220-99-002_1', 'CB04', '63201-10220-99-002', '100.590475', '13.874699', '2', '2020-08-05 13:59:53', ''),
('63201-10220-99-002_2', 'CB04', '63201-10220-99-002', '100.590442', '13.874722', '2', '2020-08-05 14:50:06', ''),
('63201-10220-99-002_3', 'CB04', '63201-10220-99-002', '100.590459', '13.874676', '2', '2020-08-05 14:53:50', ''),
('63201-10220-99-002_4', 'CB04', '63201-10220-99-002', '100.590389', '13.876289', '2', '2020-08-05 14:53:15', ''),
('63201-10220-99-003_1', 'CB04', '63201-10220-99-003', '100.590518', '13.876373', '2', '2020-08-05 14:54:52', ''),
('63201-10220-99-003_2', 'CB04', '63201-10220-99-003', '100.590481', '13.876379', '2', '2020-08-05 14:55:46', ''),
('63201-10220-99-003_3', 'CB04', '63201-10220-99-003', '100.590522', '13.876348', '2', '2020-08-05 14:56:30', ''),
('63201-10220-99-003_4', 'CB04', '63201-10220-99-003', '100.590459', '13.876341', '2', '2020-08-05 14:57:10', ''),
('63201-10220-99-003_5', 'CB08', '63201-10220-99-003', '100.590492', '13.876212', '2', '2020-08-05 14:59:12', ''),
('63201-10220-99-004_1', 'CB08', '63201-10220-99-004', '100.589977', '13.874708', '2', '2020-08-05 15:00:18', ''),
('63201-10220-99-005_1', 'CB08', '63201-10220-99-005', '100.590402', '13.874816', '2', '2020-08-05 15:00:44', ''),
('63201-10220-99-005_2', 'CB08', '63201-10220-99-005', '100.590471', '13.875987', '2', '2020-08-05 15:01:38', ''),
('63201-10220-99-005_3', 'CB08', '63201-10220-99-005', '100.590396', '13.876314', '2', '2020-08-05 15:02:05', ''),
('63201-10220-99-006_1', 'CB04', '63201-10220-99-006', '100.590800', '13.876055', '2', '2020-08-05 15:03:12', ''),
('63201-10220-99-007_1', 'CB04', '63201-10220-99-007', '100.590605', '13.876239', '2', '2020-08-05 15:04:03', ''),
('63201-10220-99-008_1', 'CB08', '63201-10220-99-008', '100.590002', '13.847675', '2', '2020-08-05 15:06:13', ''),
('63201-10220-99-008_2', 'CB08', '63201-10220-99-008', '100.589991', '13.874678', '2', '2020-08-05 15:06:38', ''),
('63201-10220-99-009_1', 'CB08', '63201-10220-99-009', '100.590408', '13.876171', '2', '2020-08-05 14:54:07', ''),
('63201-10220-99-009_2', 'CB08', '63201-10220-99-009', '100.590595', '13.876155', '2', '2020-08-05 14:54:44', ''),
('63201-10220-99-009_3', 'CB04', '63201-10220-99-009', '100.590632', '13.876202', '2', '2020-08-05 14:55:33', ''),
('63201-10220-99-009_4', 'CB04', '63201-10220-99-009', '100.590770', '13.876142', '2', '2020-08-05 14:57:56', ''),
('63201-10220-99-009_5', 'CB08', '63201-10220-99-009', '100.590936', '13.875999', '2', '2020-08-05 14:58:52', ''),
('63201-10220-99-010_1', 'CB08', '63201-10220-99-010', '100.590851', '13.876150', '2', '2020-08-05 15:00:51', ''),
('63201-10220-99-010_2', 'CB08', '63201-10220-99-010', '100.590745', '13.876203', '2', '2020-08-05 15:19:15', ''),
('63201-10220-99-010_3', 'CB08', '63201-10220-99-010', '100.590502', '13.874936', '2', '2020-08-05 15:24:20', ''),
('63201-10220-99-011_1', 'CB08', '63201-10220-99-011', '100.589963', '13.874672', '2', '2020-08-09 11:31:57', ''),
('63201-10220-99-011_2', 'CB04', '63201-10220-99-011', '100.589990', '13.874689', '2', '2020-08-05 16:23:26', ''),
('63201-10220-99-011_3', 'CB04', '63201-10220-99-011', '100.589977', '13.874686', '2', '2020-08-05 16:24:15', ''),
('63201-10220-99-012_1', 'CB04', '63201-10220-99-012', '100.590426', '13.874737', '2', '2020-08-05 15:08:38', ''),
('63201-10220-99-012_2', 'CB04', '63201-10220-99-012', '100.590480', '13.576323', '2', '2020-08-05 15:10:31', ''),
('63201-10220-99-012_3', 'CB04', '63201-10220-99-012', '100.590341', '13.876203', '2', '2020-08-05 15:09:44', ''),
('63201-10220-99-012_4', 'CB04', '63201-10220-99-012', '100.590633', '13.876167', '2', '2020-08-05 15:11:12', ''),
('63201-10220-99-012_5', 'CB04', '63201-10220-99-012', '100.590768', '13.876061', '2', '2020-08-05 15:13:23', ''),
('63201-10220-99-012_6', 'CB04', '63201-10220-99-012', '100.590959', '13.876152', '2', '2020-08-05 15:15:41', ''),
('63201-10220-99-012_7', 'CB04', '63201-10220-99-012', '100.590860', '13.875985', '2', '2020-08-05 15:16:07', ''),
('63201-10220-99-012_8', 'CB04', '63201-10220-99-012', '100.590775', '13.876066', '2', '2020-08-05 15:16:50', ''),
('63201-10220-99-012_9', 'CB04', '63201-10220-99-012', '100.590726', '13.876128', '2', '2020-08-05 15:17:25', ''),
('63201-10220-99-013_1', 'CB04', '63201-10220-99-013', '100.590451', '13.876155', '2', '2020-08-05 15:19:32', ''),
('63201-10220-99-013_2', 'CB04', '63201-10220-99-013', '100.590287', '13.876156', '2', '2020-08-05 16:16:11', ''),
('63201-10220-99-013_3', 'CB04', '63201-10220-99-013', '100.590337', '13.876211', '2', '2020-08-05 16:16:43', ''),
('63201-10220-99-013_4', 'CB04', '63201-10220-99-013', '100.590254', '13.876168', '2', '2020-08-05 16:17:22', ''),
('63201-10220-99-014_1', 'CB04', '63201-10220-99-014', '100.590254', '13.874589', '2', '2020-08-05 16:18:42', ''),
('63201-10220-99-014_2', 'CB04', '63201-10220-99-014', '100.590518', '13.874679', '2', '2020-08-05 16:19:12', ''),
('63201-10220-99-014_3', 'CB08', '63201-10220-99-014', '100.590369', '13.876278', '2', '2020-08-05 16:20:01', ''),
('63201-10220-99-014_4', 'CB08', '63201-10220-99-014', '100.590462', '13.876147', '2', '2020-08-05 16:20:39', ''),
('63201-10220-99-014_5', 'CB08', '63201-10220-99-014', '100.590492', '13.876166', '2', '2020-08-05 16:54:16', ''),
('63201-10220-99-014_6', 'CB08', '63201-10220-99-014', '100.590511', '13.876227', '2', '2020-08-05 16:54:36', ''),
('63201-10220-99-014_7', 'CB08', '63201-10220-99-014', '100.590551', '13.876251', '2', '2020-08-05 15:55:05', ''),
('63201-10220-99-015_1', 'CB08', '63201-10220-99-015', '100.590807', '13.874643', '2', '2020-08-10 13:20:48', ''),
('63201-10220-99-016_1', 'CB08', '63201-10220-99-016', '100.590129', '13.875204', '2', '2020-08-05 15:56:06', ''),
('63201-10220-99-016_2', 'CB08', '63201-10220-99-016', '100.590241', '13.875276', '2', '2020-08-05 16:18:45', ''),
('63201-10220-99-017_1', 'CB08', '63201-10220-99-017', '100.590558', '13.875565', '2', '2020-08-05 16:18:49', ''),
('63201-10220-99-017_10', 'CB08', '63201-10220-99-017', '100.590363', '13.876529', '2', '2020-08-05 16:24:57', ''),
('63201-10220-99-017_11', 'CB08', '63201-10220-99-017', '100.590495', '13.876511', '2', '2020-08-05 16:25:21', ''),
('63201-10220-99-017_12', 'CB08', '63201-10220-99-017', '100.590295', '13.876182', '2', '2020-08-05 16:25:59', ''),
('63201-10220-99-017_13', 'CB04', '63201-10220-99-017', '100.590355', '13.876435', '2', '2020-08-05 16:26:31', ''),
('63201-10220-99-017_14', 'CB04', '63201-10220-99-017', '100.590384', '13.876402', '2', '2020-08-05 16:26:57', ''),
('63201-10220-99-017_15', 'CB08', '63201-10220-99-017', '100.590354', '13.876430', '2', '2020-08-05 16:27:27', ''),
('63201-10220-99-017_16', 'CB04', '63201-10220-99-017', '100.590396', '13.876390', '2', '2020-08-05 16:27:55', ''),
('63201-10220-99-017_17', 'CB04', '63201-10220-99-017', '100.590437', '13.876407', '2', '2020-08-05 16:28:24', ''),
('63201-10220-99-017_18', 'CB04', '63201-10220-99-017', '100.590963', '13.876124', '2', '2020-08-05 16:28:54', ''),
('63201-10220-99-017_2', 'CB08', '63201-10220-99-017', '100.590504', '13.875613', '2', '2020-08-05 16:19:16', ''),
('63201-10220-99-017_3', 'CB08', '63201-10220-99-017', '100.590947', '13.875427', '2', '2020-08-05 16:20:55', ''),
('63201-10220-99-017_4', 'CB08', '63201-10220-99-017', '100.590934', '13.875421', '2', '2020-08-05 16:21:22', ''),
('63201-10220-99-017_5', 'CB08', '63201-10220-99-017', '100.590058', '13.875858', '2', '2020-08-05 16:21:46', ''),
('63201-10220-99-017_6', 'CB08', '63201-10220-99-017', '100.590099', '13.875901', '2', '2020-08-05 16:22:14', ''),
('63201-10220-99-017_7', 'CB08', '63201-10220-99-017', '100.590053', '13.875955', '2', '2020-08-05 16:23:06', ''),
('63201-10220-99-017_8', 'CB08', '63201-10220-99-017', '100.590640', '13.876722', '2', '2020-08-05 16:23:43', ''),
('63201-10220-99-017_9', 'CB08', '63201-10220-99-017', '100.590244', '13.876566', '2', '2020-08-05 16:24:23', ''),
('63201-10220-99-018_1', 'CB04', '63201-10220-99-018', '100.590380', '13.874848', '2', '2020-08-05 16:21:58', ''),
('63201-10220-99-018_10', 'CB08', '63201-10220-99-018', '100.590246', '13.876565', '2', '2020-08-05 16:30:08', ''),
('63201-10220-99-018_11', 'CB04', '63201-10220-99-018', '100.590213', '13.876353', '2', '2020-08-05 16:30:39', ''),
('63201-10220-99-018_12', 'CB04', '63201-10220-99-018', '100.590714', '13.876177', '2', '2020-08-05 16:31:08', ''),
('63201-10220-99-018_2', 'CB08', '63201-10220-99-018', '100.587689', '13.875502', '2', '2020-08-05 16:22:19', ''),
('63201-10220-99-018_3', 'CB08', '63201-10220-99-018', '100.589835', '13.875801', '2', '2020-08-05 16:25:17', ''),
('63201-10220-99-018_4', 'CB08', '63201-10220-99-018', '100.589837', '13.875789', '2', '2020-08-05 16:25:59', ''),
('63201-10220-99-018_5', 'CB08', '63201-10220-99-018', '100.589864', '13.875725', '2', '2020-08-05 16:26:39', ''),
('63201-10220-99-018_6', 'CB04', '63201-10220-99-018', '100.590221', '13.876520', '2', '2020-08-05 16:27:08', ''),
('63201-10220-99-018_7', 'CB08', '63201-10220-99-018', '100.590045', '13.876291', '2', '2020-08-05 16:28:01', ''),
('63201-10220-99-018_8', 'CB08', '63201-10220-99-018', '100.590175', '13.876369', '2', '2020-08-05 16:29:00', ''),
('63201-10220-99-018_9', 'CB08', '63201-10220-99-018', '100.590530', '13.876264', '2', '2020-08-05 16:29:24', ''),
('63201-10220-99-019_1', 'CB04', '63201-10220-99-019', '100.589764', '13.874824', '2', '2020-08-05 16:31:40', ''),
('63201-10220-99-019_10', 'CB04', '63201-10220-99-019', '100.591049', '13.876303', '2', '2020-08-05 16:36:57', ''),
('63201-10220-99-019_2', 'CB04', '63201-10220-99-019', '100.590167', '13.875274', '2', '2020-08-05 16:32:32', ''),
('63201-10220-99-019_3', 'CB04', '63201-10220-99-019', '100.590495', '13.874760', '2', '2020-08-05 16:33:27', ''),
('63201-10220-99-019_4', 'CB04', '63201-10220-99-019', '100.590529', '13.874853', '2', '2020-08-05 16:33:50', ''),
('63201-10220-99-019_5', 'CB04', '63201-10220-99-019', '100.590476', '13.875004', '2', '2020-08-05 16:34:19', ''),
('63201-10220-99-019_6', 'CB08', '63201-10220-99-019', '100.590405', '13.875061', '2', '2020-08-05 16:35:18', ''),
('63201-10220-99-019_7', 'CB08', '63201-10220-99-019', '100.590502', '13.874794', '2', '2020-08-05 16:35:42', ''),
('63201-10220-99-019_8', 'CB04', '63201-10220-99-019', '100.590506', '13.876392', '2', '2020-08-05 16:36:19', ''),
('63201-10220-99-019_9', 'CB04', '63201-10220-99-019', '100.590596', '13.872472', '2', '2020-08-05 16:36:37', ''),
('63201-10220-99-020_1', 'CB08', '63201-10220-99-020', '100.590782', '13.876121', '2', '2020-08-05 16:39:03', ''),
('63201-10220-99-020_2', 'CB08', '63201-10220-99-020', '100.590755', '13.876065', '2', '2020-08-05 16:39:20', ''),
('63201-10220-99-021_1', 'CB08', '63201-10220-99-021', '100.590731', '13.875430', '2', '2020-08-05 16:39:54', ''),
('63201-10220-99-021_2', 'CB08', '63201-10220-99-021', '100.590541', '13.875571', '2', '2020-08-05 16:40:14', ''),
('63201-10220-99-022_1', 'CB08', '63201-10220-99-022', '100.590273', '13.875604', '2', '2020-08-05 16:40:56', ''),
('63201-10220-99-023_1', 'CB08', '63201-10220-99-023', '100.590422', '13.874685', '2', '2020-08-05 16:41:22', ''),
('63201-10220-99-023_2', 'CB08', '63201-10220-99-023', '100.590534', '13.874819', '2', '2020-08-05 16:41:48', ''),
('63201-10220-99-024_1', 'CB08', '63201-10220-99-024', '100.590467', '13.875266', '2', '2020-08-05 16:42:13', ''),
('63201-10220-99-025_1', 'CB08', '63201-10220-99-025', '100.589829', '13.875106', '2', '2020-08-05 16:43:18', ''),
('63201-10220-99-026_1', 'CB08', '63201-10220-99-026', '100.589803', '13.874902', '2', '2020-08-05 16:43:45', ''),
('63201-10220-99-026_2', 'CB08', '63201-10220-99-026', '100.590373', '13.874763', '2', '2020-08-05 16:44:07', ''),
('63201-10220-99-026_3', 'CB08', '63201-10220-99-026', '100.590361', '13.874780', '2', '2020-08-05 16:44:32', ''),
('63201-10220-99-026_4', 'CB08', '63201-10220-99-026', '100.590268', '13.875724', '2', '2020-08-05 16:45:24', ''),
('63201-10220-99-026_5', 'CB08', '63201-10220-99-026', '100.590117', '13.875519', '2', '2020-08-05 16:45:48', ''),
('63201-10220-99-026_6', 'CB04', '63201-10220-99-026', '100.590014', '13.875630', '2', '2020-08-05 16:46:20', ''),
('63201-10220-99-026_7', 'CB04', '63201-10220-99-026', '100.590032', '13.875580', '2', '2020-08-05 16:47:34', ''),
('63201-10220-99-026_8', 'CB04', '63201-10220-99-026', '100.590464', '13.876273', '2', '2020-08-05 16:47:52', ''),
('63201-10220-99-027_1', 'CB04', '63201-10220-99-027', '100.592586', '13.870457', '2', '2020-08-05 16:48:16', ''),
('63201-10220-99-027_2', 'CB04', '63201-10220-99-027', '100.590297', '13.875604', '2', '2020-08-05 16:48:38', ''),
('63201-10220-99-028_1', 'CB04', '63201-10220-99-028', '100.589949', '13.874735', '2', '2020-08-05 16:49:07', ''),
('63201-10220-99-028_10', 'CB08', '63201-10220-99-028', '100.590988', '13.876087', '2', '2020-08-05 16:56:27', ''),
('63201-10220-99-028_11', 'CB08', '63201-10220-99-028', '100.590980', '13.876155', '2', '2020-08-05 16:56:50', ''),
('63201-10220-99-028_2', 'CB08', '63201-10220-99-028', '100.590024', '13.875903', '2', '2020-08-05 16:49:34', ''),
('63201-10220-99-028_3', 'CB08', '63201-10220-99-028', '100.589976', '13.875917', '2', '2020-08-05 16:50:35', ''),
('63201-10220-99-028_4', 'CB08', '63201-10220-99-028', '100.589987', '13.875955', '2', '2020-08-05 16:51:32', ''),
('63201-10220-99-028_5', 'CB08', '63201-10220-99-028', '100.590902', '13.876239', '2', '2020-08-05 16:51:48', ''),
('63201-10220-99-028_6', 'CB08', '63201-10220-99-028', '100.590823', '13.876114', '2', '2020-08-05 16:52:06', ''),
('63201-10220-99-028_7', 'CB08', '63201-10220-99-028', '100.590927', '13.876241', '2', '2020-08-05 16:52:57', ''),
('63201-10220-99-028_8', 'CB08', '63201-10220-99-028', '100.590808', '13.876113', '2', '2020-08-05 16:52:40', ''),
('63201-10220-99-028_9', 'CB08', '63201-10220-99-028', '100.590947', '13.876037', '2', '2020-08-05 16:56:11', ''),
('63201-10220-99-029_1', 'CB08', '63201-10220-99-029', '100.589782', '13.874979', '2', '2020-08-05 16:57:20', ''),
('63201-10220-99-029_2', 'CB04', '63201-10220-99-029', '100.589808', '13.874966', '2', '2020-08-05 17:04:34', ''),
('63201-10220-99-029_3', 'CB04', '63201-10220-99-029', '100.589996', '13.875049', '2', '2020-08-05 17:13:34', ''),
('63201-10220-99-029_4', 'CB04', '63201-10220-99-029', '100.589793', '13.874803', '2', '2020-08-05 17:16:09', ''),
('63201-10220-99-030_1', 'CB04', '63201-10220-99-030', '100.590997', '13.876356', '2', '2020-08-05 17:16:33', ''),
('63201-10220-99-031_1', 'CB04', '63201-10220-99-031', '100.589938', '13.574955', '2', '2020-08-08 11:32:50', ''),
('63201-10220-99-031_2', 'CB04', '63201-10220-99-031', '100.589985', '13.874679', '2', '2020-08-08 11:32:34', ''),
('63201-10220-99-031_3', 'CB04', '63201-10220-99-031', '100.590389', '13.874677', '2', '2020-08-08 11:32:17', ''),
('63201-10220-99-031_4', 'CB04', '63201-10220-99-031', '100.590376', '13.874671', '2', '2020-08-08 11:31:35', ''),
('63201-10220-99-031_5', 'CB04', '63201-10220-99-031', '100.590380', '13.874676', '2', '2020-08-08 11:23:47', ''),
('63201-10220-99-032_1', 'CB04', '63201-10220-99-032', '100.590016', '13.874684', '2', '2020-08-08 11:23:19', ''),
('63201-10220-99-033_1', 'CB04', '63201-10220-99-033', '100.590387', '13.874682', '2', '2020-08-06 01:32:39', ''),
('63201-10220-99-033_2', 'CB04', '63201-10220-99-033', '100.590337', '13.875323', '2', '2020-08-06 01:33:08', ''),
('63201-10220-99-033_3', 'CB04', '63201-10220-99-033', '100.590323', '13.875347', '2', '2020-08-06 01:33:35', ''),
('63201-10220-99-034_1', 'CB04', '63201-10220-99-034', '100.590384', '13.874678', '2', '2020-08-08 11:34:03', ''),
('63201-10220-99-034_2', 'CB04', '63201-10220-99-034', '100.590398', '13.874675', '2', '2020-08-08 11:34:21', ''),
('63201-10220-99-035_1', 'CB04', '63201-10220-99-035', '100.590019', '13.975928', '2', '2020-08-08 11:34:40', ''),
('63201-10220-99-035_2', 'CB04', '63201-10220-99-035', '100.590111', '13.876007', '2', '2020-08-08 11:34:59', ''),
('63201-10220-99-035_3', 'CB04', '63201-10220-99-035', '100.590778', '13.875974', '2', '2020-08-08 11:35:22', ''),
('63201-10220-99-036_1', 'CB04', '63201-10220-99-036', '13.875754', '13.875974', '2', '2020-08-08 11:35:51', ''),
('63201-10220-99-036_2', 'CB04', '63201-10220-99-036', '100.590781', '13.876119', '2', '2020-08-08 11:37:11', ''),
('63201-10220-99-036_3', 'CB04', '63201-10220-99-036', '100.590734', '13.876168', '2', '2020-08-08 11:37:29', ''),
('63201-10220-99-036_4', 'CB04', '63201-10220-99-036', '100.590807', '13.876231', '2', '2020-08-08 11:38:01', ''),
('63201-10220-99-036_5', 'CB04', '63201-10220-99-036', '100.590794', '13.876115', '2', '2020-08-08 11:38:17', ''),
('63201-10220-99-036_6', 'CB04', '63201-10220-99-036', '100.590851', '13.876239', '2', '2020-08-08 11:38:38', ''),
('63201-10220-99-037_1', 'CB04', '63201-10220-99-037', '100.590287', '13.875278', '2', '2020-08-08 11:39:15', ''),
('63201-10220-99-037_2', 'CB04', '63201-10220-99-037', '100.590244', '13.875264', '2', '2020-08-08 11:38:58', ''),
('63201-10220-99-038_1', 'CB04', '63201-10220-99-038', '100.590345', '13.874756', '2', '2020-08-08 11:39:42', ''),
('63201-10220-99-038_2', 'CB04', '63201-10220-99-038', '100.590481', '13.874717', '2', '2020-08-08 11:44:26', ''),
('63201-10220-99-038_3', 'CB04', '63201-10220-99-038', '100.590427', '13.875064', '2', '2020-08-08 11:44:39', ''),
('63201-10220-99-038_4', 'CB04', '63201-10220-99-038', '100.590309', '13.874772', '2', '2020-08-08 11:44:59', ''),
('63201-10220-99-038_5', 'CB04', '63201-10220-99-038', '100.590381', '13.876206', '2', '2020-08-08 11:45:17', ''),
('63201-10220-99-039_1', 'CB04', '63201-10220-99-039', '100.589406', '13.874967', '2', '2020-08-08 11:45:33', ''),
('63201-10220-99-040_1', 'CB04', '63201-10220-99-040', '100.590249', '13.876465', '2', '2020-08-08 11:45:53', ''),
('63201-10220-99-040_2', 'CB04', '63201-10220-99-040', '100.590220', '13.876456', '2', '2020-08-08 11:46:15', ''),
('63201-10220-99-040_3', 'CB04', '63201-10220-99-040', '100.590276', '13.876596', '2', '2020-08-08 11:46:31', ''),
('63201-10220-99-040_4', 'CB04', '63201-10220-99-040', '100.590282', '13.876410', '2', '2020-08-08 11:46:53', ''),
('63201-10220-99-041_1', 'CB04', '63201-10220-99-041', '100.590337', '13.876308', '2', '2020-08-08 11:47:13', ''),
('63201-10220-99-042_1', 'CB04', '63201-10220-99-042', '100.590506', '13.874949', '2', '2020-08-08 11:47:38', ''),
('63201-10220-99-042_10', 'CB08', '63201-10220-99-042', '100.590510', '13.875584', '2', '2020-08-08 11:51:05', ''),
('63201-10220-99-042_11', 'CB08', '63201-10220-99-042', '100.590680', '13.875374', '2', '2020-08-08 11:51:20', ''),
('63201-10220-99-042_12', 'CB08', '63201-10220-99-042', '100.590678', '13.876168', '2', '2020-08-08 11:51:38', ''),
('63201-10220-99-042_2', 'CB04', '63201-10220-99-042', '100.590440', '13.875612', '2', '2020-08-08 11:47:59', ''),
('63201-10220-99-042_3', 'CB04', '63201-10220-99-042', '100.590603', '13.875552', '2', '2020-08-08 11:48:15', ''),
('63201-10220-99-042_4', 'CB04', '63201-10220-99-042', '100.590458', '13.875608', '2', '2020-08-08 11:48:29', ''),
('63201-10220-99-042_5', 'CB04', '63201-10220-99-042', '100.590438', '13.875621', '2', '2020-08-08 11:48:43', ''),
('63201-10220-99-042_6', 'CB04', '63201-10220-99-042', '100.590479', '13.875607', '2', '2020-08-08 11:48:57', ''),
('63201-10220-99-042_7', 'CB04', '63201-10220-99-042', '100.596614', '13.875552', '2', '2020-08-08 11:49:11', ''),
('63201-10220-99-042_8', 'CB04', '63201-10220-99-042', '100.590623', '13.875504', '2', '2020-08-08 11:49:31', ''),
('63201-10220-99-042_9', 'CB08', '63201-10220-99-042', '100.590662', '13.875500', '2', '2020-08-08 11:50:46', ''),
('63201-10220-99-043_1', 'CB08', '63201-10220-99-043', '100.590468', '13.876235', '2', '2020-08-08 11:52:00', ''),
('63201-10220-99-043_2', 'CB08', '63201-10220-99-043', '100.590263', '13.876234', '2', '2020-08-08 11:52:12', ''),
('63201-10220-99-044_1', 'CB08', '63201-10220-99-044', '100.590729', '13.876117', '2', '2020-08-08 11:52:32', ''),
('63201-10220-99-045_1', 'CB08', '63201-10220-99-045', '', '', '2', '2020-08-29 13:34:12', '');

-- --------------------------------------------------------

--
-- Table structure for table `extraction`
--

CREATE TABLE `extraction` (
  `ExtractionID` char(2) COLLATE utf8mb4_thai_520_w2 NOT NULL,
  `ExtractionName` varchar(30) COLLATE utf8mb4_thai_520_w2 NOT NULL
) ENGINE=InnoDB DEFAULT CHARSET=utf8mb4 COLLATE=utf8mb4_thai_520_w2;

-- --------------------------------------------------------

--
-- Table structure for table `extractionofplant`
--

CREATE TABLE `extractionofplant` (
  `PlantID` char(15) COLLATE utf8mb4_thai_520_w2 NOT NULL,
  `ExtractionID` char(2) COLLATE utf8mb4_thai_520_w2 NOT NULL
) ENGINE=InnoDB DEFAULT CHARSET=utf8mb4 COLLATE=utf8mb4_thai_520_w2;

-- --------------------------------------------------------

--
-- Table structure for table `images`
--

CREATE TABLE `images` (
  `ImagesID` int(11) NOT NULL,
  `plantlocationID` varchar(255) COLLATE utf8mb4_thai_520_w2 NOT NULL,
  `ImageType` char(1) COLLATE utf8mb4_thai_520_w2 NOT NULL,
  `ImageLocationType` varchar(255) COLLATE utf8mb4_thai_520_w2 NOT NULL
) ENGINE=InnoDB DEFAULT CHARSET=utf8mb4 COLLATE=utf8mb4_thai_520_w2;

--
-- Dumping data for table `images`
--

INSERT INTO `images` (`ImagesID`, `plantlocationID`, `ImageType`, `ImageLocationType`) VALUES
(2, '63201-10220-99-017_1', '3', '63201-10220-99-017_1-3.JPG'),
(3, '63201-10220-99-017_1', '4', '63201-10220-99-017_1-4.JPG'),
(4, '63201-10220-99-017_1', '1', '63201-10220-99-017_1-1.JPG'),
(5, '63201-10220-99-039_1', '1', '63201-10220-99-039_1-1.JPG'),
(6, '63201-10220-99-039_1', '2', '63201-10220-99-039_1-2.JPG'),
(7, '63201-10220-99-039_1', '3', '63201-10220-99-039_1-3.JPG'),
(8, '63201-10220-99-039_1', '4', '63201-10220-99-039_1-4.JPG'),
(9, '63201-10220-99-017_2', '1', '63201-10220-99-017_2-1.JPG'),
(10, '63201-10220-99-017_2', '3', '63201-10220-99-017_2-3.JPG'),
(11, '63201-10220-99-017_2', '4', '63201-10220-99-017_2-4.JPG'),
(12, '63201-10220-99-017_3', '1', '63201-10220-99-017_3-1.JPG'),
(13, '63201-10220-99-017_3', '3', '63201-10220-99-017_3-3.JPG'),
(14, '63201-10220-99-017_3', '4', '63201-10220-99-017_3-4.JPG'),
(15, '63201-10220-99-017_4', '1', '63201-10220-99-017_4-1.JPG'),
(16, '63201-10220-99-017_4', '3', '63201-10220-99-017_4-3.JPG'),
(17, '63201-10220-99-017_4', '4', '63201-10220-99-017_4-4.JPG'),
(18, '63201-10220-99-017_5', '1', '63201-10220-99-017_5-1.JPG'),
(19, '63201-10220-99-017_5', '3', '63201-10220-99-017_5-3.JPG'),
(20, '63201-10220-99-017_5', '4', '63201-10220-99-017_5-4.JPG'),
(21, '63201-10220-99-017_6', '1', '63201-10220-99-017_6-1.JPG'),
(22, '63201-10220-99-017_6', '3', '63201-10220-99-017_6-3.JPG'),
(23, '63201-10220-99-017_6', '4', '63201-10220-99-017_6-4.JPG'),
(24, '63201-10220-99-017_7', '1', '63201-10220-99-017_7-1.JPG'),
(25, '63201-10220-99-017_7', '3', '63201-10220-99-017_7-3.JPG'),
(26, '63201-10220-99-017_7', '4', '63201-10220-99-017_7-4.JPG'),
(27, '63201-10220-99-019_1', '1', '63201-10220-99-019_1-1.JPG'),
(28, '63201-10220-99-019_1', '3', '63201-10220-99-019_1-3.JPG'),
(29, '63201-10220-99-019_1', '4', '63201-10220-99-019_1-4.JPG'),
(30, '63201-10220-99-029_1', '1', '63201-10220-99-029_1-1.JPG'),
(31, '63201-10220-99-029_1', '3', '63201-10220-99-029_1-3.JPG'),
(32, '63201-10220-99-029_1', '4', '63201-10220-99-029_1-4.JPG'),
(33, '63201-10220-99-029_2', '1', '63201-10220-99-029_2-1.JPG'),
(34, '63201-10220-99-029_2', '3', '63201-10220-99-029_2-3.JPG'),
(35, '63201-10220-99-029_2', '4', '63201-10220-99-029_2-4.JPG'),
(36, '63201-10220-99-029_3', '1', '63201-10220-99-029_3-1.JPG'),
(37, '63201-10220-99-029_3', '3', '63201-10220-99-029_3-3.JPG'),
(38, '63201-10220-99-029_3', '4', '63201-10220-99-029_3-4.JPG'),
(39, '63201-10220-99-029_3', '6', '63201-10220-99-029_3-6.JPG'),
(40, '63201-10220-99-029_4', '1', '63201-10220-99-029_4-1.JPG'),
(41, '63201-10220-99-029_4', '3', '63201-10220-99-029_4-3.JPG'),
(42, '63201-10220-99-029_4', '4', '63201-10220-99-029_4-4.JPG'),
(43, '63201-10220-99-014_1', '1', '63201-10220-99-014_1-1.JPG'),
(44, '63201-10220-99-014_1', '3', '63201-10220-99-014_1-3.JPG'),
(45, '63201-10220-99-014_1', '4', '63201-10220-99-014_1-4.JPG'),
(46, '63201-10220-99-014_2', '1', '63201-10220-99-014_2-1.JPG'),
(47, '63201-10220-99-014_2', '3', '63201-10220-99-014_2-3.JPG'),
(48, '63201-10220-99-014_2', '4', '63201-10220-99-014_2-4.JPG'),
(49, '63201-10220-99-014_3', '1', '63201-10220-99-014_3-1.JPG'),
(50, '63201-10220-99-014_3', '3', '63201-10220-99-014_3-3.JPG'),
(51, '63201-10220-99-014_3', '4', '63201-10220-99-014_3-4.JPG'),
(52, '63201-10220-99-018_1', '1', '63201-10220-99-018_1-1.JPG'),
(53, '63201-10220-99-018_1', '3', '63201-10220-99-018_1-3.JPG'),
(54, '63201-10220-99-018_1', '4', '63201-10220-99-018_1-4.JPG'),
(55, '63201-10220-99-018_2', '1', '63201-10220-99-018_2-1.JPG'),
(56, '63201-10220-99-018_2', '3', '63201-10220-99-018_2-3.JPG'),
(57, '63201-10220-99-018_2', '4', '63201-10220-99-018_2-4.JPG'),
(58, '63201-10220-99-012_1', '1', '63201-10220-99-012_1-1.JPG'),
(59, '63201-10220-99-012_1', '3', '63201-10220-99-012_1-3.JPG'),
(60, '63201-10220-99-012_1', '4', '63201-10220-99-012_1-4.JPG'),
(61, '63201-10220-99-012_2', '1', '63201-10220-99-012_2-1.JPG'),
(62, '63201-10220-99-012_2', '3', '63201-10220-99-012_2-3.JPG'),
(63, '63201-10220-99-012_2', '4', '63201-10220-99-012_2-4.JPG'),
(64, '63201-10220-99-025_1', '1', '63201-10220-99-025_1-1.JPG'),
(65, '63201-10220-99-025_1', '3', '63201-10220-99-025_1-3.JPG'),
(66, '63201-10220-99-025_1', '4', '63201-10220-99-025_1-4.JPG'),
(67, '63201-10220-99-018_3', '1', '63201-10220-99-018_3-1.JPG'),
(68, '63201-10220-99-018_3', '3', '63201-10220-99-018_3-3.JPG'),
(69, '63201-10220-99-018_3', '4', '63201-10220-99-018_3-4.JPG'),
(70, '63201-10220-99-018_4', '1', '63201-10220-99-018_4-1.JPG'),
(71, '63201-10220-99-018_4', '3', '63201-10220-99-018_4-3.JPG'),
(72, '63201-10220-99-018_4', '4', '63201-10220-99-018_4-4.JPG'),
(73, '63201-10220-99-018_5', '3', '63201-10220-99-018_5-3.JPG'),
(74, '63201-10220-99-018_5', '4', '63201-10220-99-018_5-4.JPG'),
(75, '63201-10220-99-018_6', '1', '63201-10220-99-018_6-1.JPG'),
(76, '63201-10220-99-018_6', '3', '63201-10220-99-018_6-3.JPG'),
(77, '63201-10220-99-018_6', '4', '63201-10220-99-018_6-4.JPG'),
(78, '63201-10220-99-018_7', '1', '63201-10220-99-018_7-1.JPG'),
(79, '63201-10220-99-018_7', '3', '63201-10220-99-018_7-3.JPG'),
(80, '63201-10220-99-018_7', '4', '63201-10220-99-018_7-4.JPG'),
(81, '63201-10220-99-018_8', '1', '63201-10220-99-018_8-1.JPG'),
(82, '63201-10220-99-018_8', '3', '63201-10220-99-018_8-3.JPG'),
(83, '63201-10220-99-018_8', '4', '63201-10220-99-018_8-4.JPG'),
(84, '63201-10220-99-018_9', '1', '63201-10220-99-018_9-1.JPG'),
(85, '63201-10220-99-018_9', '3', '63201-10220-99-018_9-3.JPG'),
(86, '63201-10220-99-018_9', '4', '63201-10220-99-018_9-4.JPG'),
(87, '63201-10220-99-038_1', '1', '63201-10220-99-038_1-1.JPG'),
(88, '63201-10220-99-038_1', '3', '63201-10220-99-038_1-3.JPG'),
(89, '63201-10220-99-038_1', '4', '63201-10220-99-038_1-4.JPG'),
(90, '63201-10220-99-038_1', '6', '63201-10220-99-038_1-6.JPG'),
(91, '63201-10220-99-027_1', '1', '63201-10220-99-027_1-1.JPG'),
(92, '63201-10220-99-027_1', '2', '63201-10220-99-027_1-2.JPG'),
(93, '63201-10220-99-027_1', '3', '63201-10220-99-027_1-3.JPG'),
(94, '63201-10220-99-027_1', '4', '63201-10220-99-027_1-4.JPG'),
(95, '63201-10220-99-027_1', '6', '63201-10220-99-027_1-6.JPG'),
(96, '63201-10220-99-027_2', '1', '63201-10220-99-027_2-1.JPG'),
(97, '63201-10220-99-027_2', '3', '63201-10220-99-027_2-3.JPG'),
(98, '63201-10220-99-027_2', '4', '63201-10220-99-027_2-4.JPG'),
(99, '63201-10220-99-019_2', '1', '63201-10220-99-019_2-1.JPG'),
(100, '63201-10220-99-019_2', '3', '63201-10220-99-019_2-3.JPG'),
(101, '63201-10220-99-019_2', '4', '63201-10220-99-019_2-4.JPG'),
(102, '63201-10220-99-016_1', '1', '63201-10220-99-016_1-1.JPG'),
(103, '63201-10220-99-016_1', '3', '63201-10220-99-016_1-3.JPG'),
(104, '63201-10220-99-016_1', '4', '63201-10220-99-016_1-4.JPG'),
(105, '63201-10220-99-016_2', '1', '63201-10220-99-016_2-1.JPG'),
(106, '63201-10220-99-016_2', '3', '63201-10220-99-016_2-3.JPG'),
(107, '63201-10220-99-016_2', '4', '63201-10220-99-016_2-4.JPG'),
(108, '63201-10220-99-016_2', '6', '63201-10220-99-016_2-6.JPG'),
(109, '63201-10220-99-031_1', '1', '63201-10220-99-031_1-1.JPG'),
(110, '63201-10220-99-031_1', '3', '63201-10220-99-031_1-3.JPG'),
(111, '63201-10220-99-031_1', '4', '63201-10220-99-031_1-4.JPG'),
(112, '63201-10220-99-031_2', '1', '63201-10220-99-031_2-1.JPG'),
(113, '63201-10220-99-031_2', '3', '63201-10220-99-031_2-3.JPG'),
(114, '63201-10220-99-031_2', '4', '63201-10220-99-031_2-4.JPG'),
(115, '63201-10220-99-031_2', '1', '63201-10220-99-031_2-1.JPG'),
(116, '63201-10220-99-011_1', '1', '63201-10220-99-011_1-1.JPG'),
(117, '63201-10220-99-011_1', '3', '63201-10220-99-011_1-3.JPG'),
(118, '63201-10220-99-011_1', '4', '63201-10220-99-011_1-4.JPG'),
(119, '63201-10220-99-011_2', '1', '63201-10220-99-011_2-1.JPG'),
(120, '63201-10220-99-011_2', '3', '63201-10220-99-011_2-3.JPG'),
(121, '63201-10220-99-011_2', '4', '63201-10220-99-011_2-4.JPG'),
(122, '63201-10220-99-011_3', '1', '63201-10220-99-011_3-1.JPG'),
(123, '63201-10220-99-011_3', '4', '63201-10220-99-011_3-4.JPG'),
(124, '63201-10220-99-011_3', '3', '63201-10220-99-011_3-3.JPG'),
(125, '63201-10220-99-011_3', '1', '63201-10220-99-011_3-1.JPG'),
(126, '63201-10220-99-032_1', '1', '63201-10220-99-032_1-1.JPG'),
(127, '63201-10220-99-032_1', '3', '63201-10220-99-032_1-3.JPG'),
(128, '63201-10220-99-032_1', '4', '63201-10220-99-032_1-4.JPG'),
(129, '63201-10220-99-008_1', '1', '63201-10220-99-008_1-1.JPG'),
(130, '63201-10220-99-008_1', '3', '63201-10220-99-008_1-3.JPG'),
(131, '63201-10220-99-008_1', '4', '63201-10220-99-008_1-4.JPG'),
(132, '63201-10220-99-008_2', '1', '63201-10220-99-008_2-1.JPG'),
(133, '63201-10220-99-008_2', '3', '63201-10220-99-008_2-3.JPG'),
(134, '63201-10220-99-008_2', '4', '63201-10220-99-008_2-4.JPG'),
(135, '63201-10220-99-034_1', '1', '63201-10220-99-034_1-1.JPG'),
(136, '63201-10220-99-034_1', '2', '63201-10220-99-034_1-2.JPG'),
(137, '63201-10220-99-034_1', '3', '63201-10220-99-034_1-3.JPG'),
(138, '63201-10220-99-034_1', '4', '63201-10220-99-034_1-4.JPG'),
(139, '63201-10220-99-034_1', '6', '63201-10220-99-034_1-6.jpg'),
(140, '63201-10220-99-034_2', '1', '63201-10220-99-034_2-1.JPG'),
(141, '63201-10220-99-034_2', '3', '63201-10220-99-034_2-3.JPG'),
(142, '63201-10220-99-034_2', '4', '63201-10220-99-034_2-4.JPG'),
(143, '63201-10220-99-031_1', '1', '63201-10220-99-031_1-1.JPG'),
(144, '63201-10220-99-031_1', '3', '63201-10220-99-031_1-3.JPG'),
(145, '63201-10220-99-031_1', '4', '63201-10220-99-031_1-4.JPG'),
(146, '63201-10220-99-031_3', '1', '63201-10220-99-031_3-1.JPG'),
(147, '63201-10220-99-031_3', '3', '63201-10220-99-031_3-3.JPG'),
(148, '63201-10220-99-031_3', '4', '63201-10220-99-031_3-4.JPG'),
(149, '63201-10220-99-031_1', '1', '63201-10220-99-031_1-1.JPG'),
(150, '63201-10220-99-031_1', '3', '63201-10220-99-031_1-3.JPG'),
(151, '63201-10220-99-031_1', '4', '63201-10220-99-031_1-4.JPG'),
(152, '63201-10220-99-033_1', '1', '63201-10220-99-033_1-1.JPG'),
(153, '63201-10220-99-033_1', '3', '63201-10220-99-033_1-3.JPG'),
(154, '63201-10220-99-033_1', '4', '63201-10220-99-033_1-4.JPG'),
(155, '63201-10220-99-031_4', '1', '63201-10220-99-031_4-1.JPG'),
(156, '63201-10220-99-031_4', '3', '63201-10220-99-031_4-3.JPG'),
(157, '63201-10220-99-031_4', '4', '63201-10220-99-031_4-4.JPG'),
(158, '63201-10220-99-031_5', '1', '63201-10220-99-031_5-1.JPG'),
(159, '63201-10220-99-031_5', '3', '63201-10220-99-031_5-3.JPG'),
(160, '63201-10220-99-031_5', '4', '63201-10220-99-031_5-4.JPG'),
(161, '63201-10220-99-026_1', '1', '63201-10220-99-026_1-1.JPG'),
(162, '63201-10220-99-026_1', '2', '63201-10220-99-026_1-2.JPG'),
(163, '63201-10220-99-026_1', '3', '63201-10220-99-026_1-3.JPG'),
(164, '63201-10220-99-026_1', '4', '63201-10220-99-026_1-4.JPG'),
(165, '63201-10220-99-026_1', '6', '63201-10220-99-026_1-6.JPG'),
(166, '63201-10220-99-001_1', '1', '63201-10220-99-001_1-1.JPG'),
(167, '63201-10220-99-001_1', '3', '63201-10220-99-001_1-3.JPG'),
(168, '63201-10220-99-001_1', '4', '63201-10220-99-001_1-4.JPG'),
(169, '63201-10220-99-001_2', '1', '63201-10220-99-001_2-1.JPG'),
(170, '63201-10220-99-001_2', '3', '63201-10220-99-001_2-3.JPG'),
(171, '63201-10220-99-001_2', '4', '63201-10220-99-001_2-4.JPG'),
(172, '63201-10220-99-018_10', '1', '63201-10220-99-018_10-1.JPG'),
(173, '63201-10220-99-018_10', '3', '63201-10220-99-018_10-3.JPG'),
(174, '63201-10220-99-018_10', '4', '63201-10220-99-018_10-4.JPG'),
(175, '63201-10220-99-018_11', '1', '63201-10220-99-018_11-1.JPG'),
(176, '63201-10220-99-018_11', '3', '63201-10220-99-018_11-3.JPG'),
(177, '63201-10220-99-018_11', '4', '63201-10220-99-018_11-4.JPG'),
(178, '63201-10220-99-023_1', '1', '63201-10220-99-023_1-1.JPG'),
(179, '63201-10220-99-023_1', '3', '63201-10220-99-023_1-3.JPG'),
(180, '63201-10220-99-023_1', '4', '63201-10220-99-023_1-4.JPG'),
(181, '63201-10220-99-010_1', '1', '63201-10220-99-010_1-1.JPG'),
(182, '63201-10220-99-010_1', '3', '63201-10220-99-010_1-3.JPG'),
(183, '63201-10220-99-010_1', '4', '63201-10220-99-010_1-4.JPG'),
(184, '63201-10220-99-026_2', '1', '63201-10220-99-026_2-1.JPG'),
(185, '63201-10220-99-026_2', '3', '63201-10220-99-026_2-3.JPG'),
(186, '63201-10220-99-026_2', '4', '63201-10220-99-026_2-4.JPG'),
(187, '63201-10220-99-026_3', '1', '63201-10220-99-026_3-1.JPG'),
(188, '63201-10220-99-026_3', '3', '63201-10220-99-026_3-3.JPG'),
(189, '63201-10220-99-026_3', '4', '63201-10220-99-026_3-4.JPG'),
(190, '63201-10220-99-038_2', '1', '63201-10220-99-038_2-1.JPG'),
(191, '63201-10220-99-038_2', '3', '63201-10220-99-038_2-3.JPG'),
(192, '63201-10220-99-038_2', '4', '63201-10220-99-038_2-4.JPG'),
(193, '63201-10220-99-038_2', '6', '63201-10220-99-038_2-6.JPG'),
(194, '63201-10220-99-014_4', '1', '63201-10220-99-014_4-1.JPG'),
(195, '63201-10220-99-014_4', '3', '63201-10220-99-014_4-3.JPG'),
(196, '63201-10220-99-014_4', '4', '63201-10220-99-014_4-4.JPG'),
(197, '63201-10220-99-014_5', '1', '63201-10220-99-014_5-1.JPG'),
(198, '63201-10220-99-014_5', '3', '63201-10220-99-014_5-3.JPG'),
(199, '63201-10220-99-014_5', '4', '63201-10220-99-014_5-4.JPG'),
(200, '63201-10220-99-023_2', '1', '63201-10220-99-023_2-1.JPG'),
(201, '63201-10220-99-023_2', '3', '63201-10220-99-023_2-3.JPG'),
(202, '63201-10220-99-023_2', '4', '63201-10220-99-023_2-4.JPG'),
(203, '63201-10220-99-019_3', '1', '63201-10220-99-019_3-1.JPG'),
(204, '63201-10220-99-019_3', '3', '63201-10220-99-019_3-3.JPG'),
(205, '63201-10220-99-019_3', '4', '63201-10220-99-019_3-4.JPG'),
(206, '63201-10220-99-010_2', '1', '63201-10220-99-010_2-1.JPG'),
(207, '63201-10220-99-010_2', '3', '63201-10220-99-010_2-3.JPG'),
(208, '63201-10220-99-010_2', '4', '63201-10220-99-010_2-4.JPG'),
(209, '63201-10220-99-010_2', '1', '63201-10220-99-010_2-1.JPG'),
(210, '63201-10220-99-010_2', '3', '63201-10220-99-010_2-3.JPG'),
(211, '63201-10220-99-010_2', '4', '63201-10220-99-010_2-4.JPG'),
(212, '63201-10220-99-002_1', '1', '63201-10220-99-002_1-1.JPG'),
(213, '63201-10220-99-002_1', '3', '63201-10220-99-002_1-3.JPG'),
(214, '63201-10220-99-002_1', '4', '63201-10220-99-002_1-4.JPG'),
(215, '63201-10220-99-002_2', '1', '63201-10220-99-002_2-1.JPG'),
(216, '63201-10220-99-002_2', '3', '63201-10220-99-002_2-3.JPG'),
(217, '63201-10220-99-002_2', '4', '63201-10220-99-002_2-4.JPG'),
(218, '63201-10220-99-002_3', '1', '63201-10220-99-002_3-1.JPG'),
(219, '63201-10220-99-002_3', '3', '63201-10220-99-002_3-3.JPG'),
(220, '63201-10220-99-002_3', '4', '63201-10220-99-002_3-4.JPG'),
(221, '63201-10220-99-019_4', '1', '63201-10220-99-019_4-1.JPG'),
(222, '63201-10220-99-019_4', '3', '63201-10220-99-019_4-3.JPG'),
(223, '63201-10220-99-019_4', '4', '63201-10220-99-019_4-4.JPG'),
(224, '63201-10220-99-019_5', '1', '63201-10220-99-019_5-1.JPG'),
(225, '63201-10220-99-019_5', '3', '63201-10220-99-019_5-3.JPG'),
(226, '63201-10220-99-019_5', '4', '63201-10220-99-019_5-4.JPG'),
(227, '63201-10220-99-019_6', '1', '63201-10220-99-019_6-1.JPG'),
(228, '63201-10220-99-019_6', '3', '63201-10220-99-019_6-3.JPG'),
(229, '63201-10220-99-019_6', '4', '63201-10220-99-019_6-4.JPG'),
(230, '63201-10220-99-042_1', '1', '63201-10220-99-042_1-1.JPG'),
(231, '63201-10220-99-042_1', '3', '63201-10220-99-042_1-3.JPG'),
(232, '63201-10220-99-042_1', '4', '63201-10220-99-042_1-4.JPG'),
(233, '63201-10220-99-038_3', '1', '63201-10220-99-038_3-1.JPG'),
(234, '63201-10220-99-038_3', '3', '63201-10220-99-038_3-3.JPG'),
(235, '63201-10220-99-038_3', '3', '63201-10220-99-038_3-3.JPG'),
(236, '63201-10220-99-038_3', '4', '63201-10220-99-038_3-4.JPG'),
(237, '63201-10220-99-038_4', '1', '63201-10220-99-038_4-1.JPG'),
(238, '63201-10220-99-038_4', '3', '63201-10220-99-038_4-3.JPG'),
(239, '63201-10220-99-038_4', '4', '63201-10220-99-038_4-4.JPG'),
(240, '63201-10220-99-019_7', '1', '63201-10220-99-019_7-1.JPG'),
(241, '63201-10220-99-019_7', '3', '63201-10220-99-019_7-3.JPG'),
(242, '63201-10220-99-019_7', '4', '63201-10220-99-019_7-4.JPG'),
(243, '63201-10220-99-028_1', '1', '63201-10220-99-028_1-1.JPG'),
(244, '63201-10220-99-028_1', '3', '63201-10220-99-028_1-3.JPG'),
(245, '63201-10220-99-028_1', '4', '63201-10220-99-028_1-4.JPG'),
(246, '63201-10220-99-036_1', '1', '63201-10220-99-036_1-1.JPG'),
(247, '63201-10220-99-036_1', '3', '63201-10220-99-036_1-3.JPG'),
(248, '63201-10220-99-036_1', '4', '63201-10220-99-036_1-4.JPG'),
(249, '63201-10220-99-036_1', '6', '63201-10220-99-036_1-6.JPG'),
(250, '63201-10220-99-033_3', '1', '63201-10220-99-033_3-1.JPG'),
(251, '63201-10220-99-033_3', '3', '63201-10220-99-033_3-3.JPG'),
(252, '63201-10220-99-033_3', '4', '63201-10220-99-033_3-4.JPG'),
(253, '63201-10220-99-033_3', '2', '63201-10220-99-033_3-2.JPG'),
(254, '63201-10220-99-012_3', '1', '63201-10220-99-012_3-1.JPG'),
(255, '63201-10220-99-012_3', '3', '63201-10220-99-012_3-3.JPG'),
(256, '63201-10220-99-012_3', '4', '63201-10220-99-012_3-4.JPG'),
(257, '63201-10220-99-012_4', '1', '63201-10220-99-012_4-1.JPG'),
(258, '63201-10220-99-012_4', '3', '63201-10220-99-012_4-3.JPG'),
(259, '63201-10220-99-012_4', '4', '63201-10220-99-012_4-4.JPG'),
(260, '63201-10220-99-012_5', '1', '63201-10220-99-012_5-1.JPG'),
(261, '63201-10220-99-012_5', '3', '63201-10220-99-012_5-3.'),
(262, '63201-10220-99-012_5', '3', '63201-10220-99-012_5-3.JPG'),
(263, '63201-10220-99-012_5', '4', '63201-10220-99-012_5-4.JPG'),
(264, '63201-10220-99-012_6', '1', '63201-10220-99-012_6-1.JPG'),
(265, '63201-10220-99-012_6', '3', '63201-10220-99-012_6-3.JPG'),
(266, '63201-10220-99-012_6', '4', '63201-10220-99-012_6-4.JPG'),
(267, '63201-10220-99-012_7', '1', '63201-10220-99-012_7-1.JPG'),
(268, '63201-10220-99-012_7', '3', '63201-10220-99-012_7-3.JPG'),
(269, '63201-10220-99-012_7', '4', '63201-10220-99-012_7-4.JPG'),
(270, '63201-10220-99-012_8', '1', '63201-10220-99-012_8-1.JPG'),
(271, '63201-10220-99-012_8', '3', '63201-10220-99-012_8-3.JPG'),
(272, '63201-10220-99-012_8', '4', '63201-10220-99-012_8-4.JPG'),
(273, '63201-10220-99-012_9', '1', '63201-10220-99-012_9-1.JPG'),
(274, '63201-10220-99-012_9', '3', '63201-10220-99-012_9-3.JPG'),
(275, '63201-10220-99-012_9', '4', '63201-10220-99-012_9-4.JPG'),
(276, '63201-10220-99-018_12', '1', '63201-10220-99-018_12-1.JPG'),
(277, '63201-10220-99-018_12', '3', '63201-10220-99-018_12-3.JPG'),
(278, '63201-10220-99-018_12', '4', '63201-10220-99-018_12-4.JPG'),
(279, '63201-10220-99-026_4', '1', '63201-10220-99-026_4-1.JPG'),
(280, '63201-10220-99-026_4', '3', '63201-10220-99-026_4-3.JPG'),
(281, '63201-10220-99-026_4', '4', '63201-10220-99-026_4-4.JPG'),
(282, '63201-10220-99-026_5', '1', '63201-10220-99-026_5-1.JPG'),
(283, '63201-10220-99-026_5', '3', '63201-10220-99-026_5-3.JPG'),
(284, '63201-10220-99-026_5', '4', '63201-10220-99-026_5-4.JPG'),
(285, '63201-10220-99-026_6', '1', '63201-10220-99-026_6-1.JPG'),
(286, '63201-10220-99-026_6', '3', '63201-10220-99-026_6-3.JPG'),
(287, '63201-10220-99-026_6', '4', '63201-10220-99-026_6-4.JPG'),
(288, '63201-10220-99-026_7', '1', '63201-10220-99-026_7-1.JPG'),
(289, '63201-10220-99-026_7', '3', '63201-10220-99-026_7-3.JPG'),
(290, '63201-10220-99-026_7', '4', '63201-10220-99-026_7-4.JPG'),
(291, '63201-10220-99-026_8', '1', '63201-10220-99-026_8-1.JPG'),
(292, '63201-10220-99-026_8', '3', '63201-10220-99-026_8-3.JPG'),
(293, '63201-10220-99-026_8', '4', '63201-10220-99-026_8-4.JPG'),
(294, '63201-10220-99-038_5', '1', '63201-10220-99-038_5-1.JPG'),
(295, '63201-10220-99-038_5', '3', '63201-10220-99-038_5-3.JPG'),
(296, '63201-10220-99-038_5', '4', '63201-10220-99-038_5-4.JPG'),
(297, '63201-10220-99-038_5', '6', '63201-10220-99-038_5-6.JPG'),
(298, '63201-10220-99-042_2', '1', '63201-10220-99-042_2-1.JPG'),
(299, '63201-10220-99-042_2', '3', '63201-10220-99-042_2-3.JPG'),
(300, '63201-10220-99-042_2', '4', '63201-10220-99-042_2-4.JPG'),
(301, '63201-10220-99-042_3', '1', '63201-10220-99-042_3-1.JPG'),
(302, '63201-10220-99-042_3', '3', '63201-10220-99-042_3-3.JPG'),
(303, '63201-10220-99-042_3', '4', '63201-10220-99-042_3-4.jpg'),
(304, '63201-10220-99-042_4', '1', '63201-10220-99-042_4-1.JPG'),
(305, '63201-10220-99-042_4', '3', '63201-10220-99-042_4-3.JPG'),
(306, '63201-10220-99-042_4', '4', '63201-10220-99-042_4-4.JPG'),
(307, '63201-10220-99-042_5', '1', '63201-10220-99-042_5-1.JPG'),
(308, '63201-10220-99-042_5', '3', '63201-10220-99-042_5-3.JPG'),
(309, '63201-10220-99-042_5', '4', '63201-10220-99-042_5-4.JPG'),
(310, '63201-10220-99-042_6', '1', '63201-10220-99-042_6-1.JPG'),
(311, '63201-10220-99-042_6', '3', '63201-10220-99-042_6-3.JPG'),
(312, '63201-10220-99-042_6', '4', '63201-10220-99-042_6-4.JPG'),
(313, '63201-10220-99-042_7', '1', '63201-10220-99-042_7-1.JPG'),
(314, '63201-10220-99-042_7', '3', '63201-10220-99-042_7-3.JPG'),
(315, '63201-10220-99-042_7', '4', '63201-10220-99-042_7-4.JPG'),
(316, '63201-10220-99-042_8', '1', '63201-10220-99-042_8-1.JPG'),
(317, '63201-10220-99-042_8', '3', '63201-10220-99-042_8-3.JPG'),
(318, '63201-10220-99-042_8', '4', '63201-10220-99-042_8-4.JPG'),
(319, '63201-10220-99-042_9', '1', '63201-10220-99-042_9-1.JPG'),
(320, '63201-10220-99-042_9', '3', '63201-10220-99-042_9-3.JPG'),
(321, '63201-10220-99-042_9', '4', '63201-10220-99-042_9-4.JPG'),
(322, '63201-10220-99-042_10', '1', '63201-10220-99-042_10-1.JPG'),
(323, '63201-10220-99-042_10', '3', '63201-10220-99-042_10-3.JPG'),
(324, '63201-10220-99-042_10', '4', '63201-10220-99-042_10-4.JPG'),
(325, '63201-10220-99-042_11', '1', '63201-10220-99-042_11-1.JPG'),
(326, '63201-10220-99-042_11', '3', '63201-10220-99-042_11-3.JPG'),
(327, '63201-10220-99-042_11', '4', '63201-10220-99-042_11-4.JPG'),
(328, '63201-10220-99-042_12', '1', '63201-10220-99-042_12-1.JPG'),
(329, '63201-10220-99-042_12', '3', '63201-10220-99-042_12-3.JPG'),
(330, '63201-10220-99-042_12', '4', '63201-10220-99-042_12-4.JPG'),
(331, '63201-10220-99-021_1', '3', '63201-10220-99-021_1-3.JPG'),
(332, '63201-10220-99-021_1', '4', '63201-10220-99-021_1-4.JPG'),
(333, '63201-10220-99-021_2', '3', '63201-10220-99-021_2-3.JPG'),
(334, '63201-10220-99-021_2', '4', '63201-10220-99-021_2-4.JPG'),
(335, '63201-10220-99-017_8', '3', '63201-10220-99-017_8-3.JPG'),
(336, '63201-10220-99-017_8', '4', '63201-10220-99-017_8-4.JPG'),
(337, '63201-10220-99-017_9', '1', '63201-10220-99-017_9-1.JPG'),
(338, '63201-10220-99-017_9', '3', '63201-10220-99-017_9-3.JPG'),
(339, '63201-10220-99-017_9', '4', '63201-10220-99-017_9-4.'),
(340, '63201-10220-99-017_9', '4', '63201-10220-99-017_9-4.JPG'),
(341, '63201-10220-99-017_10', '1', '63201-10220-99-017_10-1.JPG'),
(342, '63201-10220-99-017_10', '4', '63201-10220-99-017_10-4.JPG'),
(343, '63201-10220-99-028_2', '1', '63201-10220-99-028_2-1.JPG'),
(344, '63201-10220-99-028_2', '3', '63201-10220-99-028_2-3.JPG'),
(345, '63201-10220-99-028_2', '4', '63201-10220-99-028_2-4.JPG'),
(346, '63201-10220-99-028_3', '1', '63201-10220-99-028_3-1.JPG'),
(347, '63201-10220-99-028_3', '3', '63201-10220-99-028_3-3.JPG'),
(348, '63201-10220-99-028_3', '4', '63201-10220-99-028_3-4.JPG'),
(349, '63201-10220-99-028_4', '1', '63201-10220-99-028_4-1.JPG'),
(350, '63201-10220-99-028_4', '3', '63201-10220-99-028_4-3.JPG'),
(351, '63201-10220-99-028_4', '4', '63201-10220-99-028_4-4.JPG'),
(352, '63201-10220-99-035_1', '1', '63201-10220-99-035_1-1.JPG'),
(353, '63201-10220-99-035_1', '3', '63201-10220-99-035_1-3.JPG'),
(354, '63201-10220-99-035_1', '4', '63201-10220-99-035_1-4.JPG'),
(355, '63201-10220-99-035_2', '1', '63201-10220-99-035_2-1.JPG'),
(356, '63201-10220-99-035_2', '3', '63201-10220-99-035_2-3.JPG'),
(357, '63201-10220-99-035_2', '4', '63201-10220-99-035_2-4.JPG'),
(358, '63201-10220-99-005_1', '1', '63201-10220-99-005_1-1.JPG'),
(359, '63201-10220-99-005_1', '3', '63201-10220-99-005_1-3.JPG'),
(360, '63201-10220-99-005_1', '4', '63201-10220-99-005_1-4.JPG'),
(361, '63201-10220-99-005_1', '2', '63201-10220-99-005_1-2.JPG'),
(362, '63201-10220-99-002_4', '2', '63201-10220-99-002_4-2.JPG'),
(363, '63201-10220-99-002_4', '3', '63201-10220-99-002_4-3.JPG'),
(364, '63201-10220-99-002_4', '4', '63201-10220-99-002_4-4.JPG'),
(365, '63201-10220-99-002_4', '6', '63201-10220-99-002_4-6.JPG'),
(366, '63201-10220-99-009_1', '1', '63201-10220-99-009_1-1.JPG'),
(367, '63201-10220-99-009_1', '3', '63201-10220-99-009_1-3.JPG'),
(368, '63201-10220-99-009_1', '4', '63201-10220-99-009_1-4.JPG'),
(369, '63201-10220-99-009_2', '1', '63201-10220-99-009_2-1.JPG'),
(370, '63201-10220-99-009_2', '3', '63201-10220-99-009_2-3.JPG'),
(371, '63201-10220-99-009_2', '4', '63201-10220-99-009_2-4.JPG'),
(372, '63201-10220-99-009_3', '1', '63201-10220-99-009_3-1.JPG'),
(373, '63201-10220-99-009_3', '3', '63201-10220-99-009_3-3.JPG'),
(374, '63201-10220-99-009_3', '4', '63201-10220-99-009_3-4.JPG'),
(375, '63201-10220-99-009_4', '1', '63201-10220-99-009_4-1.JPG'),
(376, '63201-10220-99-009_4', '3', '63201-10220-99-009_4-3.JPG'),
(377, '63201-10220-99-009_4', '4', '63201-10220-99-009_4-4.JPG'),
(378, '63201-10220-99-009_5', '1', '63201-10220-99-009_5-1.JPG'),
(379, '63201-10220-99-009_5', '3', '63201-10220-99-009_5-3.JPG'),
(380, '63201-10220-99-009_5', '4', '63201-10220-99-009_5-4.JPG'),
(381, '63201-10220-99-005_2', '2', '63201-10220-99-005_2-2.JPG'),
(382, '63201-10220-99-005_2', '3', '63201-10220-99-005_2-3.JPG'),
(383, '63201-10220-99-005_2', '4', '63201-10220-99-005_2-4.JPG'),
(384, '63201-10220-99-005_2', '1', '63201-10220-99-005_2-1.JPG'),
(385, '63201-10220-99-007_1', '1', '63201-10220-99-007_1-1.JPG'),
(386, '63201-10220-99-007_1', '3', '63201-10220-99-007_1-3.JPG'),
(387, '63201-10220-99-007_1', '4', '63201-10220-99-007_1-4.JPG'),
(388, '63201-10220-99-035_3', '1', '63201-10220-99-035_3-1.JPG'),
(389, '63201-10220-99-035_3', '3', '63201-10220-99-035_3-3.JPG'),
(390, '63201-10220-99-035_3', '4', '63201-10220-99-035_3-4.JPG'),
(391, '63201-10220-99-006_1', '1', '63201-10220-99-006_1-1.JPG'),
(392, '63201-10220-99-006_1', '3', '63201-10220-99-006_1-3.JPG'),
(393, '63201-10220-99-006_1', '4', '63201-10220-99-006_1-4.JPG'),
(394, '63201-10220-99-036_6', '1', '63201-10220-99-036_6-1.JPG'),
(395, '63201-10220-99-036_6', '3', '63201-10220-99-036_6-3.JPG'),
(396, '63201-10220-99-036_6', '4', '63201-10220-99-036_6-4.JPG'),
(397, '63201-10220-99-044_1', '1', '63201-10220-99-044_1-1.JPG'),
(398, '63201-10220-99-044_1', '3', '63201-10220-99-044_1-3.JPG'),
(399, '63201-10220-99-044_1', '4', '63201-10220-99-044_1-4.JPG'),
(400, '63201-10220-99-044_1', '4', '63201-10220-99-044_1-4.JPG'),
(401, '63201-10220-99-030_1', '1', '63201-10220-99-030_1-1.JPG'),
(402, '63201-10220-99-030_1', '3', '63201-10220-99-030_1-3.JPG'),
(403, '63201-10220-99-030_1', '4', '63201-10220-99-030_1-4.JPG'),
(404, '63201-10220-99-028_5', '1', '63201-10220-99-028_5-1.JPG'),
(405, '63201-10220-99-028_5', '3', '63201-10220-99-028_5-3.JPG'),
(406, '63201-10220-99-028_5', '4', '63201-10220-99-028_5-4.JPG'),
(407, '63201-10220-99-028_6', '1', '63201-10220-99-028_6-1.JPG'),
(408, '63201-10220-99-028_6', '2', '63201-10220-99-028_6-2.JPG'),
(409, '63201-10220-99-028_6', '3', '63201-10220-99-028_6-3.JPG'),
(410, '63201-10220-99-028_6', '4', '63201-10220-99-028_6-4.JPG'),
(411, '63201-10220-99-017_11', '1', '63201-10220-99-017_11-1.JPG'),
(412, '63201-10220-99-017_11', '3', '63201-10220-99-017_11-3.JPG'),
(413, '63201-10220-99-017_11', '4', '63201-10220-99-017_11-4.JPG'),
(414, '63201-10220-99-045_1', '1', '63201-10220-99-045_1-1.JPG'),
(415, '63201-10220-99-045_1', '2', '63201-10220-99-045_1-2.JPG'),
(416, '63201-10220-99-045_1', '3', '63201-10220-99-045_1-3.JPG'),
(417, '63201-10220-99-045_1', '4', '63201-10220-99-045_1-4.JPG'),
(418, '63201-10220-99-028_7', '1', '63201-10220-99-028_7-1.JPG'),
(419, '63201-10220-99-028_7', '2', '63201-10220-99-028_7-2.JPG'),
(420, '63201-10220-99-028_7', '3', '63201-10220-99-028_7-3.JPG'),
(421, '63201-10220-99-028_7', '4', '63201-10220-99-028_7-4.JPG'),
(422, '63201-10220-99-013_1', '1', '63201-10220-99-013_1-1.JPG'),
(423, '63201-10220-99-013_1', '3', '63201-10220-99-013_1-3.JPG'),
(424, '63201-10220-99-013_1', '4', '63201-10220-99-013_1-4.JPG'),
(425, '63201-10220-99-013_2', '1', '63201-10220-99-013_2-1.JPG'),
(426, '63201-10220-99-013_2', '3', '63201-10220-99-013_2-3.JPG'),
(427, '63201-10220-99-013_2', '4', '63201-10220-99-013_2-4.JPG');

-- --------------------------------------------------------

--
-- Table structure for table `plantdetail`
--

CREATE TABLE `plantdetail` (
  `PlandetailtID` varchar(60) COLLATE utf8mb4_thai_520_w2 NOT NULL,
  `PlantName` varchar(300) COLLATE utf8mb4_thai_520_w2 NOT NULL,
  `PlantScience` varchar(300) COLLATE utf8mb4_thai_520_w2 NOT NULL,
  `PlantDiscover` varchar(300) COLLATE utf8mb4_thai_520_w2 NOT NULL,
  `PlantCommonname` varchar(300) COLLATE utf8mb4_thai_520_w2 NOT NULL,
  `PlantType` varchar(300) COLLATE utf8mb4_thai_520_w2 NOT NULL,
  `PlantTypeENG` varchar(300) COLLATE utf8mb4_thai_520_w2 NOT NULL,
  `PlantDistrbution` varchar(300) COLLATE utf8mb4_thai_520_w2 NOT NULL,
  `PlantDistrbutionEng` varchar(300) COLLATE utf8mb4_thai_520_w2 NOT NULL,
  `PlantBenefit` varchar(300) COLLATE utf8mb4_thai_520_w2 NOT NULL,
  `PlantBenefitEng` varchar(300) COLLATE utf8mb4_thai_520_w2 NOT NULL,
  `PlantBanefity` varchar(300) COLLATE utf8mb4_thai_520_w2 NOT NULL,
  `PlantBanefityEng` varchar(300) COLLATE utf8mb4_thai_520_w2 NOT NULL,
  `PlantFlower` varchar(300) COLLATE utf8mb4_thai_520_w2 NOT NULL,
  `PlantFlowerEng` varchar(300) COLLATE utf8mb4_thai_520_w2 NOT NULL,
  `PlantRound` varchar(300) COLLATE utf8mb4_thai_520_w2 NOT NULL,
  `PlantRoundEng` varchar(300) COLLATE utf8mb4_thai_520_w2 NOT NULL,
  `PlantSeed` varchar(300) COLLATE utf8mb4_thai_520_w2 NOT NULL,
  `PlantSeedEng` varchar(300) COLLATE utf8mb4_thai_520_w2 NOT NULL,
  `PlantStem` varchar(300) COLLATE utf8mb4_thai_520_w2 NOT NULL,
  `PlantStemEng` varchar(300) COLLATE utf8mb4_thai_520_w2 NOT NULL,
  `PlantLeaf` varchar(300) COLLATE utf8mb4_thai_520_w2 NOT NULL,
  `PlantLeafEng` varchar(300) COLLATE utf8mb4_thai_520_w2 NOT NULL,
  `SeasonID` char(2) COLLATE utf8mb4_thai_520_w2 NOT NULL,
  `PlantfamilyID` char(10) COLLATE utf8mb4_thai_520_w2 NOT NULL
) ENGINE=InnoDB DEFAULT CHARSET=utf8mb4 COLLATE=utf8mb4_thai_520_w2;

--
-- Dumping data for table `plantdetail`
--

INSERT INTO `plantdetail` (`PlandetailtID`, `PlantName`, `PlantScience`, `PlantDiscover`, `PlantCommonname`, `PlantType`, `PlantTypeENG`, `PlantDistrbution`, `PlantDistrbutionEng`, `PlantBenefit`, `PlantBenefitEng`, `PlantBanefity`, `PlantBanefityEng`, `PlantFlower`, `PlantFlowerEng`, `PlantRound`, `PlantRoundEng`, `PlantSeed`, `PlantSeedEng`, `PlantStem`, `PlantStemEng`, `PlantLeaf`, `PlantLeafEng`, `SeasonID`, `PlantfamilyID`) VALUES
('63201-10220-99-017', '/', 'Millingtonia hortensis  L.f.', '', 'Indian cork tree', '', 'Tree', '             \r\n', 'The tree is native to South east Asia and India, often found in mixed deciduous and dry evergreen forests. It can grow well in humid atmosphere but can stand the heat. It can grow well in loamy sand.  \r\n', '      \r\n', 'Dry flowers when used as cigarettes can cure asthma. Roots also can be used to cure asthma, tuberculosis, and also good for lung health. Dry leaves are also used as cigarettes.   \r\n', '   \r\n', 'It can be used for decoration because of its beautiful appearance and floral fragrance.  The trunk, which is light yellow softwood, can be used in making furniture and corks. \r\n', '    10-40   6       5    4   1    ', 'The flower is white, scented and 10-40 cm long in tubular shape with 6 cm wide, facing down to the ground. It has five petals, four stamens, and a protruded corolla lobe.  The flowers occur in cluster at the end of twigs and they boom in the evenings until nighttime during the period September to Ma', '  30   1.5-2    2  \r\n', 'The fruit is long, thin flattened with 30 cm long and 1.5-2 wide. The ripped fruit splits into 2 sections, each having many seeds. \r\n', '    \r\n', 'The seed has a broad thin transparent wing which helps it easily get blown by the wind.  \r\n', '  6-15   100         \r\n', 'The trunk is medium sized, 6-15 m tall.  The trunk of a full-grown tree can be up to 100 cm in circumference.  The trunk is straight and thick, cracked, scaly, with yellowish grey barks and branches. Its branches which grow down make it an umbrella-shaped tree.', ' 2-3        \r\n', 'The leaf is bipinnate or tripinnate in opposite directions. The leaflet is ovate and lanceolate in shape and its rim is jagged, acute apex, and obtuse based. Its ventral surface has thick veins.   \r\n', '', ''),
('63201-10220-99-012', ' (),    (),  (-)', 'Pterocarpus indicus Willd', '', 'Burma padauk', '', '', '', '', '  ', '', ',', '', '\"   5 \r\n   \r\n 1-1.5   \r\n 10   \r\n  -\"', '', '  3.5-5 \r\n ', '', ' \r\n', '', '  10-20   \r\n   \r\n   \r\n ', '', '\"   7-13  \r\n  4-5   6-10 \r\n \r\n \"', '', '', ''),
('63201-10220-99-018', '', 'Terminalia ivorensis A. Chev.', '', ' Ivory Coast almond, Black afara', '', '', '', '', '', '', '', '', ' \r\n   5 \r\n   \r\n  10 ', '', ' \r\n  2-5 .  3-7 .\r\n \r\n  \r\n\r\n', '', '', '', '  15-20   \r\n8-10    \r\n  \r\n\r\n', '', '    1-1.5 .\r\n 1.5-3 .  \r\n 1   \r\n  \r\n 0.4 .', '', '', ''),
('63201-10220-99-027', '//', 'Cassia fistula L.', '', ' Golden shower, Indian laburnum, Pudding-pine tree, Purging Cassia.', '', '', '', '', '   \r\n \r\n \r\n \r\n     ', '', '', '', '   20-55  \r\n   5  \r\n  5-8 \r\n 10  \r\n -', '', '  1.5-2.5 \r\n 20-60   \r\n  \r\n ', '', '  ', '', '  8-15  \r\n  \r\n  \r\n ', '', '    4-12 \r\n \r\n 4-8   7-15   \r\n   ', '', '', ''),
('63201-10220-99-019', '', 'Alstonia scholaris (L.) R. Br.', '', ' Devil Tree ', '', '', '', '', '   \r\n  ', '', ' ', '', '  7-12  \r\n \r\n  5 \r\n  1 \r\n  \r\n-', '', '  2   20-25   2-5    2  ', '', ' \r\n 7  \r\n', '', '  15-35   \r\n  \r\n  \r\n  \r\n    ', '', ' 4-7  \r\n 2-6   5-15  \r\n   \r\n', '', '', ''),
('63201-10220-99-033', '', 'Cochlospermum regium (Schrank) Pilg.', '', 'Cotton Tree, Yellow Silk Cotton, Butter Cup, Torchwood', '', '', '', '', '   Karaya gum  Crystalgum       ', '', '', '', '  \r\n   \r\n -', '', ' 3-5 ', '', '\r\n', '', '\"  \r\n 7-15  \"', '', '  5  ', '', '', ''),
('63201-10220-99-001', '', 'Cananga odorata (Lam.) Hook. f. & Thomson', '(Lam.) Hook. f. & Thomson', 'Ylang-ylang', '', '', '', '', '', '', '', '', '', '', '', '', '', '', '', '', '', '', '', ''),
('63201-10220-99-002', '', '', '', '', '', 'Tree', '     ', 'Native to south east Asia.', '        ', 'The leaf has sedative and diuretic effects.  It also increases blood pressure and relieves dysmenorrhea. Curry with Thai copper pod leaves has a laxative effect and cures beriberi. The fruits and twigs are edible.', '', '', '   20-30   10-60   5    1.5-2.5    10    ', 'The flowers of  Thai Copper Pod are yellow in branched clusters at the end of twigs and 20-30 cm long. Each cluster has 10-60 flowers. The flower has 10 stamen and 5 obovate petals with 1.5-2.5 cm in diameter. The flowers bloom all year round. ', ' ', 'The pods are brown flat.', '  1-1.5 20-30   20-30 ', 'The pod has brown flat seeds, 1-1.5 cm wide and 20-30 cm long, containing 20-30 seeds.', '  8 - 15    ', 'It is an evergreen tree, 8-15 m high with a spreading crown. Its bark is grey and light brown and has vertical fissure on.  ', '   5-14   1-1.5  3-7     ', 'The tree has pinnately compound leaves of which the leaflets arrange in 5-14 pairs along a rachis. Each leaf is 3-7 cm long and 1-1.5 cm wide. The leaflet is elliptic with a rounded tip.  The leaflet is dark green and has tomentosus hair on its ventral surface.', '', ''),
('63201-10220-99-003', '', 'Dolichandrone serrulata Wall. ex DC. Seem.', 'Wall. ex DC. Seem.', 'Thai Copper Pod', '', '', '', '', '', '', '', '', '', '', '', '', '', '', '', '', '', '', '', ''),
('63201-10220-99-004', '', 'Spathodea campanulata P.Beauv.', 'P.Beauv.', 'African tulip tree, Fire bell, Fouain tree, Flame of the Forest', '', '', '', '', '', '', '', '', '', '', '', '', '', '', '', '', '', '', '', ''),
('63201-10220-99-005', '', 'Tabebuia rosea DC.', 'DC.', 'Pink trumpet tree', '', '', '', '', '', '', '', '', '', '', '', '', '', '', '', '', '', '', '', ''),
('63201-10220-99-006', '', 'Syzygiumm malaccense (L.) Merr. & L.M.Perry', '(L.) Merr. & L.M.Perry', 'Malay apple, Pomera', '', '', '', '', '', '', '', '', '', '', '', '', '', '', '', '', '', '', '', ''),
('63201-10220-99-007', '', 'Syzygium malaccense (L.) Merr. & L.M.Perry', '(L.) Merr. & L.M.Perry', 'Malay apple, Pomerac, Rosa apple', '', '', '', '', '', '', '', '', '', '', '', '', '', '', '', '', '', '', '', ''),
('63201-10220-99-008', '', 'Lagerstroemia floribunda Jack 1820', 'Jack 1820', 'Bungor', '', '', '', '', '', '', '', '', '', '', '', '', '', '', '', '', '', '', '', ''),
('63201-10220-99-009', '', 'Cerbera odollam Gaertn.', 'Gaertn.', 'Pong Pong', '', 'Tree', '                      ', 'It is native to Andaman archipelago, Bangladesh, India, Borneo, Cook islands, Cambodia, Java, Malaysia, Mariana islands, Burma, New Caledonia islands, Nicobar islands, the Philippines, Queensland, Samoa, Sri Lanka, Sumatra, Thailand, Tonga, Vanuatu, Vietnam, Trinidad and Tobago.', '         ', 'The root resolves flatulence. The bark and trunk are used to cure a cold and it also has a purgative effect. The leaves are used to cure a cold and relieve fever. The flowers, tasting bitter, are used to treat hemorrhoid. The seed is good for ones heart.', '  ', 'This tree is used for decoration and it provides shade.', '    3-5 .   5   5 ', 'The flower is white with 3-5 cm in diameter.  It grows in cluster at a terminal bud. The aestivation of a petal is sympetalous and tabular with 5 corolla lobes and 5 sepals.', '     6-10 .  ', 'The fruit is greenish round and luster-glossed with 6-10 cm in diameter. The ripped fruit turns greenish purple or dark purple.', '    \r\n', 'The seed has a broad thin transparent wing which helps it easily get blown by the wind.  \r\n', '   5-15 .      ', 'The trunk is small-sized. The tree is insidious, and its trunk is 5-15 m tall.  The trunk has a round crown spreading out elliptically. Every part of the trunk has white latex. The bark is greyish or light brown and smooth.', '     4-8 .  15-30 .     2-3 .', 'The leaf is simple.  And leaves are spirally arranged around branches. The leaf blade is lanceolate and obovate with 4-8 cm wide. The upper-side and under-side of the leaf are smooth. Its petiole is narrow, with 2-3 cm in length.  Its leaf apex is cuspidate.', '', ''),
('63201-10220-99-010', '', 'Peltophorum pterocarpum (DC.) K. Heyne.', '(DC.) K. Heyne', 'Yellow Poinciana , Copper Pod , Yellow Flamboyant', '', '', '', '', '', '', '', '', '', '', '', '', '', '', '', '', '', '', '', ''),
('63201-10220-99-011', '', 'Mesua ferrea L.', 'L.', 'Iron wood, Indian rose chestnut', '', '', '', '', '', '', '', '', '', '', '', '', '', '', '', '', '', '', '', ''),
('63201-10220-99-013', '', 'Pterocarpus  macrocarpus Kurz', 'Kurz', ' Burma padauk', '', '', '', '', '', '', '', '', '', '', '', '', '', '', '', '', '', '', '', ''),
('63201-10220-99-014', '', 'Roystonea regia (Kunth) O.F.Cook', '(Kunth) O.F.Cook', 'royal palm', '', '', '', '', '', '', '', '', '', '', '', '', '', '', '', '', '', '', '', ''),
('63201-10220-99-015', '', 'Pritchardia pacifica Seem. & H.Wendl.', 'Seem. & H.Wendl.', 'Fiji Fan Palm', '', '', '', '', '', '', '', '', '', '', '', '', '', '', '', '', '', '', '', ''),
('63201-10220-99-016', '', 'Wodyetia bifurcata A.K. Irvine', 'A.K. Irvine', 'black palm', '', '', '', '', '', '', '', '', '', '', '', '', '', '', '', '', '', '', '', ''),
('63201-10220-99-020', '', 'Mimusops  elengi L.', 'L.', 'Asian bulletwood, Bullet wood, Bukal, Tanjong tree, Medlar, Spanish cherry', '', '', '', '', '', '', '', '', '', '', '', '', '', '', '', '', '', '', '', ''),
('63201-10220-99-021', '', ' Ficus  religiosa L.', 'L.', 'Sacred Fig Tree, Pipal Tree, Bohhi Tree, Bo Tree, Peepul', '', '', '', '', '', '', '', '', '', '', '', '', '', '', '', '', '', '', '', ''),
('63201-10220-99-022', '', 'Pithecellobium dulce (Roxb.) Benth.', '(Roxb.) Benth.', 'Manila tamarind', '', '', '', '', '', '', '', '', '', '', '', '', '', '', '', '', '', '', '', ''),
('63201-10220-99-023', '', 'Moringa oleifera Lam.', 'Lam.', 'Horse radish tree, Drumstick', '', '', '', '', '', '', '', '', '', '', '', '', '', '', '', '', '', '', '', ''),
('63201-10220-99-024', '', 'Jatropha multifida L.', 'L.', 'Coral Bush , Coral Plant, Physic Nut', '', '', '', '', '', '', '', '', '', '', '', '', '', '', '', '', '', '', '', ''),
('63201-10220-99-025', '', 'Swietenia  mahogani (L.) Jacq.', '(L.) Jacq.', ' Broad Leaf Mahogany, False Mahogany, Honduras Mahogany', '', '', '', '', '', '', '', '', '', '', '', '', '', '', '', '', '', '', '', ''),
('63201-10220-99-026', '', 'Wrightia religiosa  (Teijsm. & Binn.) Benth.', '(Teijsm. & Binn.) Benth.', 'Water jasmine, Wild water plum', '', '', '', '', '', '', '', '', '', '', '', '', '', '', '', '', '', '', '', ''),
('63201-10220-99-028', '', 'Plumeria alba L.', 'L.', 'Frangipani, Plumeria, Templetree', '', '', '', '', '', '', '', '', '', '', '', '', '', '', '', '', '', '', '', ''),
('63201-10220-99-029', '', 'Jacaranda obtusfolia Humb. & Bonpl. ssp. rhombifolia (G.Mey.)', 'Humb. & Bonpl. ssp. rhombifolia (G.Mey.)', 'Green ebony , Jacaranda', '', '', '', '', '', '', '', '', '', '', '', '', '', '', '', '', '', '', '', ''),
('63201-10220-99-030', '', 'Araucaria heterophylla (Salisb.) Franco', '(Salisb.) Franco', 'Norfolk island pine, House wine', '', '', '', '', '', '', '', '', '', '', '', '', '', '', '', '', '', '', '', ''),
('63201-10220-99-031', '', 'Calophyllum  inophyllum L.', 'L.', 'Alexandrian Laurel', '', '', '', '', '', '', '', '', '', '', '', '', '', '', '', '', '', '', '', ''),
('63201-10220-99-032', '', 'Shorea robusta Roth', 'Roth', 'Connon ball Tree', '', '', '', '', '', '', '', '', '', '', '', '', '', '', '', '', '', '', '', ''),
('63201-10220-99-034', '', 'Lagerstroemia loudoni Teijsm. & Binn', 'Teijsm. & Binn', 'Thai bungor', '', '', '', '', '', '', '', '', '', '', '', '', '', '', '', '', '', '', '', ''),
('63201-10220-99-035', '', 'Pisonia grandis R. Br.', 'R. Br.', 'Cabbage Tree, Gatae, Lettuce tree, moonlight tree, Pisonia, Puatea, Mollucean Cabbage, Nachukottaikeerai, Chinai-Salit', '', '', '', '', '', '', '', '', '', '', '', '', '', '', '', '', '', '', '', ''),
('63201-10220-99-036', '', 'Ptychosperma macarthurii (H.Wendl. ex H.J.Veitch) H.Wendl. ex Hook.f.', '(H.Wendl. ex H.J.Veitch) H.Wendl. ex Hook.f.', 'Macarthurs Palm', '', '', '', '', '', '', '', '', '', '', '', '', '', '', '', '', '', '', '', ''),
('63201-10220-99-037', '', 'Cyrtostachys renda Blume', 'Blume', 'Sealing wax palm, lipstick palm, Raja palm, Maharajah Palm', '', '', '', '', '', '', '', '', '', '', '', '', '', '', '', '', '', '', '', ''),
('63201-10220-99-038', '', 'Dypsis lutescens (H.Wendl.) Beentje & J.Dransf.', '(H.Wendl.) Beentje & J.Dransf.', ' yellow palm, butterfly palm', '', '', '', '', '', '', '', '', '', '', '', '', '', '', '', '', '', '', '', ''),
('63201-10220-99-039', '', 'Delonix regia (Boj. ex Hook.) Raf.', '(Boj. ex Hook.) Raf.', 'Flame Tree, Royal Poinciana, Flamboyant', '', '', '', '', '', '', '', '', '', '', '', '', '', '', '', '', '', '', '', ''),
('63201-10220-99-040', '', 'Tabebuia aurea (Silva Manso) Benth. & Hook.f. ex S.Moore', '(Silva Manso) Benth. & Hook.f. ex S.Moore', 'Paraguayan Silver Trumpet Tree / Silver Trumpet Tree / Tree of Gold', '', '', '', '', '', '', '', '', '', '', '', '', '', '', '', '', '', '', '', ''),
('63201-10220-99-041', '', 'Tabebuia chrysantha Nichols', 'Nichols', ' Golden Tree', '', '', '', '', '', '', '', '', '', '', '', '', '', '', '', '', '', '', '', ''),
('63201-10220-99-042', '', 'Polyalthia longifolia (Benth.) Hook. f.', '(Benth.) Hook. f.', 'The Mast Tree, Cemetery Tree', '', '', '', '', '', '', '', '', '', '', '', '', '', '', '', '', '', '', '', ''),
('63201-10220-99-044', '', 'Phoenix dactylifera L.', 'L.', ' Date Palm', '', '', '', '', '', '', '', '', '', '', '', '', '', '', '', '', '', '', '', ''),
('63201-10220-99-043', '', 'Lagerstroemia speciosa (L.) Pers.', '(L.) Pers.', 'Queen\'s flower, Queen\'s crape myrtle, Pride of India, Jarul', '', '', '', '', '', '', '', '', '', '', '', '', '', '', '', '', '', '', '', ''),
('63201-10220-99-043', '', 'Lagerstroemia speciosa (L.) Pers.', '(L.) Pers.', 'Queen\'s flower, Queen\'s crape myrtle, Pride of India, Jarul', '', '', '', '', '', '', '', '', '', '', '', '', '', '', '', '', '', '', '', ''),
('63201-10220-99-045', '', '', '', '', '', '', '', '', '', '', '', '', '', '', '', '', '', '', '', '', '', '', '', ''),
('63201-10220-99-046', '', '', '', '', ' ', 'Tree', '   ', 'Native to India and south east Asia', '', '', '   ', 'It is used for the decoration. ', '  5    3- 8       8- 15       ', 'The flowers are arranged in panicles at the end of branches and axils. Each flower has five petals, and each petal is 3-8 cm long, oblanceolate, narrow at the base. Flowers are pinkish purple or purple with a diameter about 8-15 cm. Flowers are neutral and scented and they look similar in appearance', ' ', 'Fruits are elongated pods. ', '  ', 'The seeds are round and flat in pods.', '  12     ', 'It is a medium-sized deciduous tree. Its height is less than 12 meters. The crown shape can be varied. It branches out horizontally. ', '    20   . ', 'The phyllotaxy of leaves is decussate. The leaves split about halfway down into 2 acute or rounded lobes or cordate shape which are around 20 cm long. ', '', '');

-- --------------------------------------------------------

--
-- Table structure for table `plantfamily`
--

CREATE TABLE `plantfamily` (
  `PlantfamilyID` char(10) COLLATE utf8mb4_thai_520_w2 NOT NULL,
  `PlantfamilyName` varchar(30) COLLATE utf8mb4_thai_520_w2 NOT NULL
) ENGINE=InnoDB DEFAULT CHARSET=utf8mb4 COLLATE=utf8mb4_thai_520_w2;

-- --------------------------------------------------------

--
-- Table structure for table `season`
--

CREATE TABLE `season` (
  `SeasonID` char(2) COLLATE utf8mb4_thai_520_w2 NOT NULL,
  `SeasonName` varchar(30) COLLATE utf8mb4_thai_520_w2 NOT NULL
) ENGINE=InnoDB DEFAULT CHARSET=utf8mb4 COLLATE=utf8mb4_thai_520_w2;

-- --------------------------------------------------------

--
-- Table structure for table `zone`
--

CREATE TABLE `zone` (
  `ZoneID` char(3) COLLATE utf8mb4_thai_520_w2 NOT NULL,
  `ZoneName` varchar(20) COLLATE utf8mb4_thai_520_w2 NOT NULL,
  `ZoneDescription` varchar(10) COLLATE utf8mb4_thai_520_w2 NOT NULL
) ENGINE=InnoDB DEFAULT CHARSET=utf8mb4 COLLATE=utf8mb4_thai_520_w2;

--
-- Indexes for dumped tables
--

--
-- Indexes for table `admin`
--
ALTER TABLE `admin`
  ADD PRIMARY KEY (`AdminID`);

--
-- Indexes for table `area`
--
ALTER TABLE `area`
  ADD PRIMARY KEY (`plantlocationID`);

--
-- Indexes for table `extraction`
--
ALTER TABLE `extraction`
  ADD PRIMARY KEY (`ExtractionID`);

--
-- Indexes for table `images`
--
ALTER TABLE `images`
  ADD PRIMARY KEY (`ImagesID`);

--
-- Indexes for table `plantfamily`
--
ALTER TABLE `plantfamily`
  ADD PRIMARY KEY (`PlantfamilyID`);

--
-- Indexes for table `season`
--
ALTER TABLE `season`
  ADD PRIMARY KEY (`SeasonID`);

--
-- Indexes for table `zone`
--
ALTER TABLE `zone`
  ADD PRIMARY KEY (`ZoneID`);

--
-- AUTO_INCREMENT for dumped tables
--

--
-- AUTO_INCREMENT for table `images`
--
ALTER TABLE `images`
  MODIFY `ImagesID` int(11) NOT NULL AUTO_INCREMENT, AUTO_INCREMENT=428;
COMMIT;

/*!40101 SET CHARACTER_SET_CLIENT=@OLD_CHARACTER_SET_CLIENT */;
/*!40101 SET CHARACTER_SET_RESULTS=@OLD_CHARACTER_SET_RESULTS */;
/*!40101 SET COLLATION_CONNECTION=@OLD_COLLATION_CONNECTION */;
