-- phpMyAdmin SQL Dump
-- version 5.0.3
-- https://www.phpmyadmin.net/
--
-- Host: 127.0.0.1
-- Generation Time: Jan 05, 2021 at 05:35 PM
-- Server version: 10.4.14-MariaDB
-- PHP Version: 7.2.34

SET SQL_MODE = "NO_AUTO_VALUE_ON_ZERO";
START TRANSACTION;
SET time_zone = "+00:00";


/*!40101 SET @OLD_CHARACTER_SET_CLIENT=@@CHARACTER_SET_CLIENT */;
/*!40101 SET @OLD_CHARACTER_SET_RESULTS=@@CHARACTER_SET_RESULTS */;
/*!40101 SET @OLD_COLLATION_CONNECTION=@@COLLATION_CONNECTION */;
/*!40101 SET NAMES utf8mb4 */;

--
-- Database: `rspgpnru_pnruplant`
--

-- --------------------------------------------------------

--
-- Table structure for table `admin`
--

CREATE TABLE `admin` (
  `AdminID` char(15) COLLATE utf8mb4_thai_520_w2 NOT NULL,
  `user_login` varchar(30) COLLATE utf8mb4_thai_520_w2 NOT NULL,
  `pass_login` varchar(30) COLLATE utf8mb4_thai_520_w2 NOT NULL,
  `status` int(1) NOT NULL
) ENGINE=InnoDB DEFAULT CHARSET=utf8mb4 COLLATE=utf8mb4_thai_520_w2;

--
-- Dumping data for table `admin`
--

INSERT INTO `admin` (`AdminID`, `user_login`, `pass_login`, `status`) VALUES
('001', 'soymilk', '1234', 1);

-- --------------------------------------------------------

--
-- Table structure for table `area`
--

CREATE TABLE `area` (
  `plantlocationID` varchar(60) COLLATE utf8mb4_thai_520_w2 NOT NULL,
  `ZoneID` char(5) COLLATE utf8mb4_thai_520_w2 NOT NULL,
  `PlandetailtID` varchar(60) COLLATE utf8mb4_thai_520_w2 NOT NULL,
  `longtitudeY` varchar(13) COLLATE utf8mb4_thai_520_w2 NOT NULL,
  `latitudeX` varchar(13) COLLATE utf8mb4_thai_520_w2 NOT NULL,
  `status` char(1) COLLATE utf8mb4_thai_520_w2 NOT NULL,
  `statusDate` timestamp NOT NULL DEFAULT current_timestamp() ON UPDATE current_timestamp(),
  `qrcode` varchar(30) COLLATE utf8mb4_thai_520_w2 NOT NULL
) ENGINE=InnoDB DEFAULT CHARSET=utf8mb4 COLLATE=utf8mb4_thai_520_w2;

--
-- Dumping data for table `area`
--

INSERT INTO `area` (`plantlocationID`, `ZoneID`, `PlandetailtID`, `longtitudeY`, `latitudeX`, `status`, `statusDate`, `qrcode`) VALUES
('63201-10220-99-001_1', 'CB04', '63201-10220-99-001', '100.590372', '13.874700', '2', '2020-08-05 13:58:26', ''),
('63201-10220-99-001_2', 'CB04', '63201-10220-99-001', '100.590222', '13.874836', '2', '2020-08-05 13:58:54', ''),
('63201-10220-99-002_1', 'CB04', '63201-10220-99-002', '100.590475', '13.874699', '2', '2020-08-05 13:59:53', ''),
('63201-10220-99-002_2', 'CB04', '63201-10220-99-002', '100.590442', '13.874722', '2', '2020-08-05 14:50:06', ''),
('63201-10220-99-002_3', 'CB04', '63201-10220-99-002', '100.590459', '13.874676', '2', '2020-08-05 14:53:50', ''),
('63201-10220-99-002_4', 'CB04', '63201-10220-99-002', '100.590389', '13.876289', '2', '2020-08-05 14:53:15', ''),
('63201-10220-99-003_1', 'CB04', '63201-10220-99-003', '100.590518', '13.876373', '2', '2020-08-05 14:54:52', ''),
('63201-10220-99-003_2', 'CB04', '63201-10220-99-003', '100.590481', '13.876379', '2', '2020-08-05 14:55:46', ''),
('63201-10220-99-003_3', 'CB04', '63201-10220-99-003', '100.590522', '13.876348', '2', '2020-08-05 14:56:30', ''),
('63201-10220-99-003_4', 'CB04', '63201-10220-99-003', '100.590459', '13.876341', '2', '2020-08-05 14:57:10', ''),
('63201-10220-99-003_5', 'CB08', '63201-10220-99-003', '100.590492', '13.876212', '2', '2020-08-05 14:59:12', ''),
('63201-10220-99-004_1', 'CB08', '63201-10220-99-004', '100.589977', '13.874708', '2', '2020-08-05 15:00:18', ''),
('63201-10220-99-005_1', 'CB08', '63201-10220-99-005', '100.590402', '13.874816', '2', '2020-08-05 15:00:44', ''),
('63201-10220-99-005_2', 'CB08', '63201-10220-99-005', '100.590471', '13.875987', '2', '2020-08-05 15:01:38', ''),
('63201-10220-99-005_3', 'CB08', '63201-10220-99-005', '100.590396', '13.876314', '2', '2020-08-05 15:02:05', ''),
('63201-10220-99-006_1', 'CB04', '63201-10220-99-006', '100.590800', '13.876055', '2', '2020-08-05 15:03:12', ''),
('63201-10220-99-007_1', 'CB04', '63201-10220-99-007', '100.590605', '13.876239', '2', '2020-08-05 15:04:03', ''),
('63201-10220-99-008_1', 'CB08', '63201-10220-99-008', '100.590002', '13.847675', '2', '2020-08-05 15:06:13', ''),
('63201-10220-99-008_2', 'CB08', '63201-10220-99-008', '100.589991', '13.874678', '2', '2020-08-05 15:06:38', ''),
('63201-10220-99-009_1', 'CB08', '63201-10220-99-009', '100.590408', '13.876171', '2', '2020-08-05 14:54:07', ''),
('63201-10220-99-009_2', 'CB08', '63201-10220-99-009', '100.590595', '13.876155', '2', '2020-08-05 14:54:44', ''),
('63201-10220-99-009_3', 'CB04', '63201-10220-99-009', '100.590632', '13.876202', '2', '2020-08-05 14:55:33', ''),
('63201-10220-99-009_4', 'CB04', '63201-10220-99-009', '100.590770', '13.876142', '2', '2020-08-05 14:57:56', ''),
('63201-10220-99-009_5', 'CB08', '63201-10220-99-009', '100.590936', '13.875999', '2', '2020-08-05 14:58:52', ''),
('63201-10220-99-010_1', 'CB08', '63201-10220-99-010', '100.590851', '13.876150', '2', '2020-08-05 15:00:51', ''),
('63201-10220-99-010_2', 'CB08', '63201-10220-99-010', '100.590745', '13.876203', '2', '2020-08-05 15:19:15', ''),
('63201-10220-99-010_3', 'CB08', '63201-10220-99-010', '100.590502', '13.874936', '2', '2020-08-05 15:24:20', ''),
('63201-10220-99-011_1', 'CB08', '63201-10220-99-011', '100.589963', '13.874672', '2', '2020-08-09 11:31:57', ''),
('63201-10220-99-011_2', 'CB04', '63201-10220-99-011', '100.589990', '13.874689', '2', '2020-08-05 16:23:26', ''),
('63201-10220-99-011_3', 'CB04', '63201-10220-99-011', '100.589977', '13.874686', '2', '2020-08-05 16:24:15', ''),
('63201-10220-99-012_1', 'CB04', '63201-10220-99-012', '100.590426', '13.874737', '2', '2020-08-05 15:08:38', ''),
('63201-10220-99-012_2', 'CB04', '63201-10220-99-012', '100.590480', '13.576323', '2', '2020-08-05 15:10:31', ''),
('63201-10220-99-012_3', 'CB04', '63201-10220-99-012', '100.590341', '13.876203', '2', '2020-08-05 15:09:44', ''),
('63201-10220-99-012_4', 'CB04', '63201-10220-99-012', '100.590633', '13.876167', '2', '2020-08-05 15:11:12', ''),
('63201-10220-99-012_5', 'CB04', '63201-10220-99-012', '100.590768', '13.876061', '2', '2020-08-05 15:13:23', ''),
('63201-10220-99-012_6', 'CB04', '63201-10220-99-012', '100.590959', '13.876152', '2', '2020-08-05 15:15:41', ''),
('63201-10220-99-012_7', 'CB04', '63201-10220-99-012', '100.590860', '13.875985', '2', '2020-08-05 15:16:07', ''),
('63201-10220-99-012_8', 'CB04', '63201-10220-99-012', '100.590775', '13.876066', '2', '2020-08-05 15:16:50', ''),
('63201-10220-99-012_9', 'CB04', '63201-10220-99-012', '100.590726', '13.876128', '2', '2020-08-05 15:17:25', ''),
('63201-10220-99-013_1', 'CB04', '63201-10220-99-013', '100.590451', '13.876155', '2', '2020-08-05 15:19:32', ''),
('63201-10220-99-013_2', 'CB04', '63201-10220-99-013', '100.590287', '13.876156', '2', '2020-08-05 16:16:11', ''),
('63201-10220-99-013_3', 'CB04', '63201-10220-99-013', '100.590337', '13.876211', '2', '2020-08-05 16:16:43', ''),
('63201-10220-99-013_4', 'CB04', '63201-10220-99-013', '100.590254', '13.876168', '2', '2020-08-05 16:17:22', ''),
('63201-10220-99-014_1', 'CB04', '63201-10220-99-014', '100.590254', '13.874589', '2', '2020-08-05 16:18:42', ''),
('63201-10220-99-014_2', 'CB04', '63201-10220-99-014', '100.590518', '13.874679', '2', '2020-08-05 16:19:12', ''),
('63201-10220-99-014_3', 'CB08', '63201-10220-99-014', '100.590369', '13.876278', '2', '2020-08-05 16:20:01', ''),
('63201-10220-99-014_4', 'CB08', '63201-10220-99-014', '100.590462', '13.876147', '2', '2020-08-05 16:20:39', ''),
('63201-10220-99-014_5', 'CB08', '63201-10220-99-014', '100.590492', '13.876166', '2', '2020-08-05 16:54:16', ''),
('63201-10220-99-014_6', 'CB08', '63201-10220-99-014', '100.590511', '13.876227', '2', '2020-08-05 16:54:36', ''),
('63201-10220-99-014_7', 'CB08', '63201-10220-99-014', '100.590551', '13.876251', '2', '2020-08-05 15:55:05', ''),
('63201-10220-99-015_1', 'CB08', '63201-10220-99-015', '100.590807', '13.874643', '2', '2020-08-10 13:20:48', ''),
('63201-10220-99-016_1', 'CB08', '63201-10220-99-016', '100.590129', '13.875204', '2', '2020-08-05 15:56:06', ''),
('63201-10220-99-016_2', 'CB08', '63201-10220-99-016', '100.590241', '13.875276', '2', '2020-08-05 16:18:45', ''),
('63201-10220-99-017_1', 'CB08', '63201-10220-99-017', '100.590558', '13.875565', '2', '2020-08-05 16:18:49', ''),
('63201-10220-99-017_10', 'CB08', '63201-10220-99-017', '100.590363', '13.876529', '2', '2020-08-05 16:24:57', ''),
('63201-10220-99-017_11', 'CB08', '63201-10220-99-017', '100.590495', '13.876511', '2', '2020-08-05 16:25:21', ''),
('63201-10220-99-017_12', 'CB08', '63201-10220-99-017', '100.590295', '13.876182', '2', '2020-08-05 16:25:59', ''),
('63201-10220-99-017_13', 'CB04', '63201-10220-99-017', '100.590355', '13.876435', '2', '2020-08-05 16:26:31', ''),
('63201-10220-99-017_14', 'CB04', '63201-10220-99-017', '100.590384', '13.876402', '2', '2020-08-05 16:26:57', ''),
('63201-10220-99-017_15', 'CB08', '63201-10220-99-017', '100.590354', '13.876430', '2', '2020-08-05 16:27:27', ''),
('63201-10220-99-017_16', 'CB04', '63201-10220-99-017', '100.590396', '13.876390', '2', '2020-08-05 16:27:55', ''),
('63201-10220-99-017_17', 'CB04', '63201-10220-99-017', '100.590437', '13.876407', '2', '2020-08-05 16:28:24', ''),
('63201-10220-99-017_18', 'CB04', '63201-10220-99-017', '100.590963', '13.876124', '2', '2020-08-05 16:28:54', ''),
('63201-10220-99-017_2', 'CB08', '63201-10220-99-017', '100.590504', '13.875613', '2', '2020-08-05 16:19:16', ''),
('63201-10220-99-017_3', 'CB08', '63201-10220-99-017', '100.590947', '13.875427', '2', '2020-08-05 16:20:55', ''),
('63201-10220-99-017_4', 'CB08', '63201-10220-99-017', '100.590934', '13.875421', '2', '2020-08-05 16:21:22', ''),
('63201-10220-99-017_5', 'CB08', '63201-10220-99-017', '100.590058', '13.875858', '2', '2020-08-05 16:21:46', ''),
('63201-10220-99-017_6', 'CB08', '63201-10220-99-017', '100.590099', '13.875901', '2', '2020-08-05 16:22:14', ''),
('63201-10220-99-017_7', 'CB08', '63201-10220-99-017', '100.590053', '13.875955', '2', '2020-08-05 16:23:06', ''),
('63201-10220-99-017_8', 'CB08', '63201-10220-99-017', '100.590640', '13.876722', '2', '2020-08-05 16:23:43', ''),
('63201-10220-99-017_9', 'CB08', '63201-10220-99-017', '100.590244', '13.876566', '2', '2020-08-05 16:24:23', ''),
('63201-10220-99-018_1', 'CB04', '63201-10220-99-018', '100.590380', '13.874848', '2', '2020-08-05 16:21:58', ''),
('63201-10220-99-018_10', 'CB08', '63201-10220-99-018', '100.590246', '13.876565', '2', '2020-08-05 16:30:08', ''),
('63201-10220-99-018_11', 'CB04', '63201-10220-99-018', '100.590213', '13.876353', '2', '2020-08-05 16:30:39', ''),
('63201-10220-99-018_12', 'CB04', '63201-10220-99-018', '100.590714', '13.876177', '2', '2020-08-05 16:31:08', ''),
('63201-10220-99-018_2', 'CB08', '63201-10220-99-018', '100.587689', '13.875502', '2', '2020-08-05 16:22:19', ''),
('63201-10220-99-018_3', 'CB08', '63201-10220-99-018', '100.589835', '13.875801', '2', '2020-08-05 16:25:17', ''),
('63201-10220-99-018_4', 'CB08', '63201-10220-99-018', '100.589837', '13.875789', '2', '2020-08-05 16:25:59', ''),
('63201-10220-99-018_5', 'CB08', '63201-10220-99-018', '100.589864', '13.875725', '2', '2020-08-05 16:26:39', ''),
('63201-10220-99-018_6', 'CB04', '63201-10220-99-018', '100.590221', '13.876520', '2', '2020-08-05 16:27:08', ''),
('63201-10220-99-018_7', 'CB08', '63201-10220-99-018', '100.590045', '13.876291', '2', '2020-08-05 16:28:01', ''),
('63201-10220-99-018_8', 'CB08', '63201-10220-99-018', '100.590175', '13.876369', '2', '2020-08-05 16:29:00', ''),
('63201-10220-99-018_9', 'CB08', '63201-10220-99-018', '100.590530', '13.876264', '2', '2020-08-05 16:29:24', ''),
('63201-10220-99-019_1', 'CB04', '63201-10220-99-019', '100.589764', '13.874824', '2', '2020-08-05 16:31:40', ''),
('63201-10220-99-019_10', 'CB04', '63201-10220-99-019', '100.591049', '13.876303', '2', '2020-08-05 16:36:57', ''),
('63201-10220-99-019_2', 'CB04', '63201-10220-99-019', '100.590167', '13.875274', '2', '2020-08-05 16:32:32', ''),
('63201-10220-99-019_3', 'CB04', '63201-10220-99-019', '100.590495', '13.874760', '2', '2020-08-05 16:33:27', ''),
('63201-10220-99-019_4', 'CB04', '63201-10220-99-019', '100.590529', '13.874853', '2', '2020-08-05 16:33:50', ''),
('63201-10220-99-019_5', 'CB04', '63201-10220-99-019', '100.590476', '13.875004', '2', '2020-08-05 16:34:19', ''),
('63201-10220-99-019_6', 'CB08', '63201-10220-99-019', '100.590405', '13.875061', '2', '2020-08-05 16:35:18', ''),
('63201-10220-99-019_7', 'CB08', '63201-10220-99-019', '100.590502', '13.874794', '2', '2020-08-05 16:35:42', ''),
('63201-10220-99-019_8', 'CB04', '63201-10220-99-019', '100.590506', '13.876392', '2', '2020-08-05 16:36:19', ''),
('63201-10220-99-019_9', 'CB04', '63201-10220-99-019', '100.590596', '13.872472', '2', '2020-08-05 16:36:37', ''),
('63201-10220-99-020_1', 'CB08', '63201-10220-99-020', '100.590782', '13.876121', '2', '2020-08-05 16:39:03', ''),
('63201-10220-99-020_2', 'CB08', '63201-10220-99-020', '100.590755', '13.876065', '2', '2020-08-05 16:39:20', ''),
('63201-10220-99-021_1', 'CB08', '63201-10220-99-021', '100.590731', '13.875430', '2', '2020-08-05 16:39:54', ''),
('63201-10220-99-021_2', 'CB08', '63201-10220-99-021', '100.590541', '13.875571', '2', '2020-08-05 16:40:14', ''),
('63201-10220-99-022_1', 'CB08', '63201-10220-99-022', '100.590273', '13.875604', '2', '2020-08-05 16:40:56', ''),
('63201-10220-99-023_1', 'CB08', '63201-10220-99-023', '100.590422', '13.874685', '2', '2020-08-05 16:41:22', ''),
('63201-10220-99-023_2', 'CB08', '63201-10220-99-023', '100.590534', '13.874819', '2', '2020-08-05 16:41:48', ''),
('63201-10220-99-024_1', 'CB08', '63201-10220-99-024', '100.590467', '13.875266', '2', '2020-08-05 16:42:13', ''),
('63201-10220-99-025_1', 'CB08', '63201-10220-99-025', '100.589829', '13.875106', '2', '2020-08-05 16:43:18', ''),
('63201-10220-99-026_1', 'CB08', '63201-10220-99-026', '100.589803', '13.874902', '2', '2020-08-05 16:43:45', ''),
('63201-10220-99-026_2', 'CB08', '63201-10220-99-026', '100.590373', '13.874763', '2', '2020-08-05 16:44:07', ''),
('63201-10220-99-026_3', 'CB08', '63201-10220-99-026', '100.590361', '13.874780', '2', '2020-08-05 16:44:32', ''),
('63201-10220-99-026_4', 'CB08', '63201-10220-99-026', '100.590268', '13.875724', '2', '2020-08-05 16:45:24', ''),
('63201-10220-99-026_5', 'CB08', '63201-10220-99-026', '100.590117', '13.875519', '2', '2020-08-05 16:45:48', ''),
('63201-10220-99-026_6', 'CB04', '63201-10220-99-026', '100.590014', '13.875630', '2', '2020-08-05 16:46:20', ''),
('63201-10220-99-026_7', 'CB04', '63201-10220-99-026', '100.590032', '13.875580', '2', '2020-08-05 16:47:34', ''),
('63201-10220-99-026_8', 'CB04', '63201-10220-99-026', '100.590464', '13.876273', '2', '2020-08-05 16:47:52', ''),
('63201-10220-99-027_1', 'CB04', '63201-10220-99-027', '100.592586', '13.870457', '2', '2020-08-05 16:48:16', ''),
('63201-10220-99-027_2', 'CB04', '63201-10220-99-027', '100.590297', '13.875604', '2', '2020-08-05 16:48:38', ''),
('63201-10220-99-028_1', 'CB04', '63201-10220-99-028', '100.589949', '13.874735', '2', '2020-08-05 16:49:07', ''),
('63201-10220-99-028_10', 'CB08', '63201-10220-99-028', '100.590988', '13.876087', '2', '2020-08-05 16:56:27', ''),
('63201-10220-99-028_11', 'CB08', '63201-10220-99-028', '100.590980', '13.876155', '2', '2020-08-05 16:56:50', ''),
('63201-10220-99-028_2', 'CB08', '63201-10220-99-028', '100.590024', '13.875903', '2', '2020-08-05 16:49:34', ''),
('63201-10220-99-028_3', 'CB08', '63201-10220-99-028', '100.589976', '13.875917', '2', '2020-08-05 16:50:35', ''),
('63201-10220-99-028_4', 'CB08', '63201-10220-99-028', '100.589987', '13.875955', '2', '2020-08-05 16:51:32', ''),
('63201-10220-99-028_5', 'CB08', '63201-10220-99-028', '100.590902', '13.876239', '2', '2020-08-05 16:51:48', ''),
('63201-10220-99-028_6', 'CB08', '63201-10220-99-028', '100.590823', '13.876114', '2', '2020-08-05 16:52:06', ''),
('63201-10220-99-028_7', 'CB08', '63201-10220-99-028', '100.590927', '13.876241', '2', '2020-08-05 16:52:57', ''),
('63201-10220-99-028_8', 'CB08', '63201-10220-99-028', '100.590808', '13.876113', '2', '2020-08-05 16:52:40', ''),
('63201-10220-99-028_9', 'CB08', '63201-10220-99-028', '100.590947', '13.876037', '2', '2020-08-05 16:56:11', ''),
('63201-10220-99-029_1', 'CB08', '63201-10220-99-029', '100.589782', '13.874979', '2', '2020-08-05 16:57:20', ''),
('63201-10220-99-029_2', 'CB04', '63201-10220-99-029', '100.589808', '13.874966', '2', '2020-08-05 17:04:34', ''),
('63201-10220-99-029_3', 'CB04', '63201-10220-99-029', '100.589996', '13.875049', '2', '2020-08-05 17:13:34', ''),
('63201-10220-99-029_4', 'CB04', '63201-10220-99-029', '100.589793', '13.874803', '2', '2020-08-05 17:16:09', ''),
('63201-10220-99-030_1', 'CB04', '63201-10220-99-030', '100.590997', '13.876356', '2', '2020-08-05 17:16:33', ''),
('63201-10220-99-031_1', 'CB04', '63201-10220-99-031', '100.589938', '13.574955', '2', '2020-08-08 11:32:50', ''),
('63201-10220-99-031_2', 'CB04', '63201-10220-99-031', '100.589985', '13.874679', '2', '2020-08-08 11:32:34', ''),
('63201-10220-99-031_3', 'CB04', '63201-10220-99-031', '100.590389', '13.874677', '2', '2020-08-08 11:32:17', ''),
('63201-10220-99-031_4', 'CB04', '63201-10220-99-031', '100.590376', '13.874671', '2', '2020-08-08 11:31:35', ''),
('63201-10220-99-031_5', 'CB04', '63201-10220-99-031', '100.590380', '13.874676', '2', '2020-08-08 11:23:47', ''),
('63201-10220-99-032_1', 'CB04', '63201-10220-99-032', '100.590016', '13.874684', '2', '2020-08-08 11:23:19', ''),
('63201-10220-99-033_1', 'CB04', '63201-10220-99-033', '100.590387', '13.874682', '2', '2020-08-06 01:32:39', ''),
('63201-10220-99-033_2', 'CB04', '63201-10220-99-033', '100.590337', '13.875323', '2', '2020-08-06 01:33:08', ''),
('63201-10220-99-033_3', 'CB04', '63201-10220-99-033', '100.590323', '13.875347', '2', '2020-08-06 01:33:35', ''),
('63201-10220-99-034_1', 'CB04', '63201-10220-99-034', '100.590384', '13.874678', '2', '2020-08-08 11:34:03', ''),
('63201-10220-99-034_2', 'CB04', '63201-10220-99-034', '100.590398', '13.874675', '2', '2020-08-08 11:34:21', ''),
('63201-10220-99-035_1', 'CB04', '63201-10220-99-035', '100.590019', '13.975928', '2', '2020-08-08 11:34:40', ''),
('63201-10220-99-035_2', 'CB04', '63201-10220-99-035', '100.590111', '13.876007', '2', '2020-08-08 11:34:59', ''),
('63201-10220-99-035_3', 'CB04', '63201-10220-99-035', '100.590778', '13.875974', '2', '2020-08-08 11:35:22', ''),
('63201-10220-99-036_1', 'CB04', '63201-10220-99-036', '13.875754', '13.875974', '2', '2020-08-08 11:35:51', ''),
('63201-10220-99-036_2', 'CB04', '63201-10220-99-036', '100.590781', '13.876119', '2', '2020-08-08 11:37:11', ''),
('63201-10220-99-036_3', 'CB04', '63201-10220-99-036', '100.590734', '13.876168', '2', '2020-08-08 11:37:29', ''),
('63201-10220-99-036_4', 'CB04', '63201-10220-99-036', '100.590807', '13.876231', '2', '2020-08-08 11:38:01', ''),
('63201-10220-99-036_5', 'CB04', '63201-10220-99-036', '100.590794', '13.876115', '2', '2020-08-08 11:38:17', ''),
('63201-10220-99-036_6', 'CB04', '63201-10220-99-036', '100.590851', '13.876239', '2', '2020-08-08 11:38:38', ''),
('63201-10220-99-037_1', 'CB04', '63201-10220-99-037', '100.590287', '13.875278', '2', '2020-08-08 11:39:15', ''),
('63201-10220-99-037_2', 'CB04', '63201-10220-99-037', '100.590244', '13.875264', '2', '2020-08-08 11:38:58', ''),
('63201-10220-99-038_1', 'CB04', '63201-10220-99-038', '100.590345', '13.874756', '2', '2020-08-08 11:39:42', ''),
('63201-10220-99-038_2', 'CB04', '63201-10220-99-038', '100.590481', '13.874717', '2', '2020-08-08 11:44:26', ''),
('63201-10220-99-038_3', 'CB04', '63201-10220-99-038', '100.590427', '13.875064', '2', '2020-08-08 11:44:39', ''),
('63201-10220-99-038_4', 'CB04', '63201-10220-99-038', '100.590309', '13.874772', '2', '2020-08-08 11:44:59', ''),
('63201-10220-99-038_5', 'CB04', '63201-10220-99-038', '100.590381', '13.876206', '2', '2020-08-08 11:45:17', ''),
('63201-10220-99-039_1', 'CB04', '63201-10220-99-039', '100.589406', '13.874967', '2', '2020-08-08 11:45:33', ''),
('63201-10220-99-040_1', 'CB04', '63201-10220-99-040', '100.590249', '13.876465', '2', '2020-08-08 11:45:53', ''),
('63201-10220-99-040_2', 'CB04', '63201-10220-99-040', '100.590220', '13.876456', '2', '2020-08-08 11:46:15', ''),
('63201-10220-99-040_3', 'CB04', '63201-10220-99-040', '100.590276', '13.876596', '2', '2020-08-08 11:46:31', ''),
('63201-10220-99-040_4', 'CB04', '63201-10220-99-040', '100.590282', '13.876410', '2', '2020-08-08 11:46:53', ''),
('63201-10220-99-041_1', 'CB04', '63201-10220-99-041', '100.590337', '13.876308', '2', '2020-08-08 11:47:13', ''),
('63201-10220-99-042_1', 'CB04', '63201-10220-99-042', '100.590506', '13.874949', '2', '2020-08-08 11:47:38', ''),
('63201-10220-99-042_10', 'CB08', '63201-10220-99-042', '100.590510', '13.875584', '2', '2020-08-08 11:51:05', ''),
('63201-10220-99-042_11', 'CB08', '63201-10220-99-042', '100.590680', '13.875374', '2', '2020-08-08 11:51:20', ''),
('63201-10220-99-042_12', 'CB08', '63201-10220-99-042', '100.590678', '13.876168', '2', '2020-08-08 11:51:38', ''),
('63201-10220-99-042_2', 'CB04', '63201-10220-99-042', '100.590440', '13.875612', '2', '2020-08-08 11:47:59', ''),
('63201-10220-99-042_3', 'CB04', '63201-10220-99-042', '100.590603', '13.875552', '2', '2020-08-08 11:48:15', ''),
('63201-10220-99-042_4', 'CB04', '63201-10220-99-042', '100.590458', '13.875608', '2', '2020-08-08 11:48:29', ''),
('63201-10220-99-042_5', 'CB04', '63201-10220-99-042', '100.590438', '13.875621', '2', '2020-08-08 11:48:43', ''),
('63201-10220-99-042_6', 'CB04', '63201-10220-99-042', '100.590479', '13.875607', '2', '2020-08-08 11:48:57', ''),
('63201-10220-99-042_7', 'CB04', '63201-10220-99-042', '100.596614', '13.875552', '2', '2020-08-08 11:49:11', ''),
('63201-10220-99-042_8', 'CB04', '63201-10220-99-042', '100.590623', '13.875504', '2', '2020-08-08 11:49:31', ''),
('63201-10220-99-042_9', 'CB08', '63201-10220-99-042', '100.590662', '13.875500', '2', '2020-08-08 11:50:46', ''),
('63201-10220-99-043_1', 'CB08', '63201-10220-99-043', '100.590468', '13.876235', '2', '2020-08-08 11:52:00', ''),
('63201-10220-99-043_2', 'CB08', '63201-10220-99-043', '100.590263', '13.876234', '2', '2020-08-08 11:52:12', ''),
('63201-10220-99-044_1', 'CB08', '63201-10220-99-044', '100.590729', '13.876117', '2', '2020-08-08 11:52:32', ''),
('63201-10220-99-045_1', 'CB08', '63201-10220-99-045', '', '', '2', '2020-08-29 13:34:12', '');

-- --------------------------------------------------------

--
-- Table structure for table `extraction`
--

CREATE TABLE `extraction` (
  `ExtractionID` char(2) COLLATE utf8mb4_thai_520_w2 NOT NULL,
  `ExtractionName` varchar(30) COLLATE utf8mb4_thai_520_w2 NOT NULL
) ENGINE=InnoDB DEFAULT CHARSET=utf8mb4 COLLATE=utf8mb4_thai_520_w2;

-- --------------------------------------------------------

--
-- Table structure for table `extractionofplant`
--

CREATE TABLE `extractionofplant` (
  `PlantID` char(15) COLLATE utf8mb4_thai_520_w2 NOT NULL,
  `ExtractionID` char(2) COLLATE utf8mb4_thai_520_w2 NOT NULL
) ENGINE=InnoDB DEFAULT CHARSET=utf8mb4 COLLATE=utf8mb4_thai_520_w2;

-- --------------------------------------------------------

--
-- Table structure for table `images`
--

CREATE TABLE `images` (
  `ImagesID` int(11) NOT NULL,
  `plantlocationID` varchar(255) COLLATE utf8mb4_thai_520_w2 NOT NULL,
  `ImageType` char(1) COLLATE utf8mb4_thai_520_w2 NOT NULL,
  `ImageLocationType` varchar(255) COLLATE utf8mb4_thai_520_w2 NOT NULL
) ENGINE=InnoDB DEFAULT CHARSET=utf8mb4 COLLATE=utf8mb4_thai_520_w2;

--
-- Dumping data for table `images`
--

INSERT INTO `images` (`ImagesID`, `plantlocationID`, `ImageType`, `ImageLocationType`) VALUES
(1, '63201-10220-99-011_1', '1', '63201-10220-99-011_1-1.JPG'),
(2, '63201-10220-99-011_1', '2', '63201-10220-99-011_1-2.JPG'),
(3, '63201-10220-99-011_1', '3', '63201-10220-99-011_1-3.JPG'),
(4, '63201-10220-99-044_1', '1', '63201-10220-99-044_1-1.JPG'),
(5, '63201-10220-99-044_1', '2', '63201-10220-99-044_1-2.JPG'),
(6, '63201-10220-99-044_1', '3', '63201-10220-99-044_1-3.JPG'),
(7, '63201-10220-99-011_3', '1', '63201-10220-99-011_3-1.JPG'),
(8, '63201-10220-99-011_3', '2', '63201-10220-99-011_3-2.JPG'),
(9, '63201-10220-99-011_3', '3', '63201-10220-99-011_3-3.JPG');

-- --------------------------------------------------------

--
-- Table structure for table `plantdetail`
--

CREATE TABLE `plantdetail` (
  `PlandetailtID` varchar(60) COLLATE utf8mb4_thai_520_w2 NOT NULL,
  `PlantName` varchar(300) COLLATE utf8mb4_thai_520_w2 NOT NULL,
  `PlantScience` varchar(300) COLLATE utf8mb4_thai_520_w2 NOT NULL,
  `PlantDiscover` varchar(300) COLLATE utf8mb4_thai_520_w2 NOT NULL,
  `PlantCommonname` varchar(300) COLLATE utf8mb4_thai_520_w2 NOT NULL,
  `PlantType` varchar(300) COLLATE utf8mb4_thai_520_w2 NOT NULL,
  `PlantTypeENG` varchar(300) COLLATE utf8mb4_thai_520_w2 NOT NULL,
  `PlantDistrbution` varchar(300) COLLATE utf8mb4_thai_520_w2 NOT NULL,
  `PlantDistrbutionEng` varchar(300) COLLATE utf8mb4_thai_520_w2 NOT NULL,
  `PlantBenefit` varchar(300) COLLATE utf8mb4_thai_520_w2 NOT NULL,
  `PlantBenefitEng` varchar(300) COLLATE utf8mb4_thai_520_w2 NOT NULL,
  `PlantBanefity` varchar(300) COLLATE utf8mb4_thai_520_w2 NOT NULL,
  `PlantBanefityEng` varchar(300) COLLATE utf8mb4_thai_520_w2 NOT NULL,
  `PlantFlower` varchar(300) COLLATE utf8mb4_thai_520_w2 NOT NULL,
  `PlantFlowerEng` varchar(300) COLLATE utf8mb4_thai_520_w2 NOT NULL,
  `PlantRound` varchar(300) COLLATE utf8mb4_thai_520_w2 NOT NULL,
  `PlantRoundEng` varchar(300) COLLATE utf8mb4_thai_520_w2 NOT NULL,
  `PlantSeed` varchar(300) COLLATE utf8mb4_thai_520_w2 NOT NULL,
  `PlantSeedEng` varchar(300) COLLATE utf8mb4_thai_520_w2 NOT NULL,
  `PlantStem` varchar(300) COLLATE utf8mb4_thai_520_w2 NOT NULL,
  `PlantStemEng` varchar(300) COLLATE utf8mb4_thai_520_w2 NOT NULL,
  `PlantLeaf` varchar(300) COLLATE utf8mb4_thai_520_w2 NOT NULL,
  `PlantLeafEng` varchar(300) COLLATE utf8mb4_thai_520_w2 NOT NULL,
  `SeasonID` char(2) COLLATE utf8mb4_thai_520_w2 NOT NULL,
  `PlantfamilyID` char(10) COLLATE utf8mb4_thai_520_w2 NOT NULL
) ENGINE=InnoDB DEFAULT CHARSET=utf8mb4 COLLATE=utf8mb4_thai_520_w2;

--
-- Dumping data for table `plantdetail`
--

INSERT INTO `plantdetail` (`PlandetailtID`, `PlantName`, `PlantScience`, `PlantDiscover`, `PlantCommonname`, `PlantType`, `PlantTypeENG`, `PlantDistrbution`, `PlantDistrbutionEng`, `PlantBenefit`, `PlantBenefitEng`, `PlantBanefity`, `PlantBanefityEng`, `PlantFlower`, `PlantFlowerEng`, `PlantRound`, `PlantRoundEng`, `PlantSeed`, `PlantSeedEng`, `PlantStem`, `PlantStemEng`, `PlantLeaf`, `PlantLeafEng`, `SeasonID`, `PlantfamilyID`) VALUES
('63201-10220-99-017', 'ปีบ/กาสะลอง', 'Millingtonia hortensis  L.f.', '', 'Indian cork tree', 'ไม้ยืนต้น', 'Tree', 'ไม้ถิ่นเดิมของ เอเชียเขตร้อน อินเดีย ไทย มาเลเซีย พม่า พบทั้งป่าผลัดใน เช่นป่าเบญจพรรณ ป่าดิบแล้ง ชอบอากาศค่อนข้างชุ่มชื้น แต่ทนความแห้งแล้งได้ดี ไม่เลือกดิน แต่เจริญดีในดินร่วนปนทราย \r\n', 'The tree is native to South east Asia and India, often found in mixed deciduous and dry evergreen forests. It can grow well in humid atmosphere but can stand the heat. It can grow well in loamy sand.  \r\n', 'ดอกแห้งมวนเป็นบุหรี่สูบแก้หืด รากเป็นยาแก้หอบ บํารุงปอด แก้วัณโรค ใบตากแห้งมวนเป็นบุหรี่ สูบ \r\n', 'Dry flowers when used as cigarettes can cure asthma. Roots also can be used to cure asthma, tuberculosis, and also good for lung health. Dry leaves are also used as cigarettes.   \r\n', 'นิยมปลูกเป็นไม้ประดับ เพราะรูปทรงสวยและดอกมีกลิ่นหอม เนื้อไม้อ่อนสีเหลืองใช้ทําเฟอร์นิเจอร์เปลือกทําจุกก๊อกขนาดเล็ก \r\n', 'It can be used for decoration because of its beautiful appearance and floral fragrance.  The trunk, which is light yellow softwood, can be used in making furniture and corks. \r\n', 'ดอกช่อออกรวมกันตามปลายกิ่ง สีขาวมีกลิ่นหอมอ่อนๆ ช่อดอก ขนาดใหญ่ยาว 10-40 เซนติเมตร ลักษณะดอกเป็นรูปปากแตรยาวถึง 6 เซนติเมตร ปลายตอกห้อยย้อยลง ดอกทยอยบานตอนเย็น ถึงกลางคืน มีกลิ่นหอมแรงตอนกลางคืน มีกลีบ 5 กลีบ แต่ละดอก มีเกสรตัวผู้ 4 คัน กับหลอดท่อเกสรมี 1 หลอด ยาวโผล่พ้นปากหลอด ออกมาเล็กน้อย ระยะออก', 'The flower is white, scented and 10-40 cm long in tubular shape with 6 cm wide, facing down to the ground. It has five petals, four stamens, and a protruded corolla lobe.  The flowers occur in cluster at the end of twigs and they boom in the evenings until nighttime during the period September to Ma', 'ผลเดี่ยวเป็นฝักแบน ยาวประมาณ 30 เซนติเมตร กว้าง 1.5-2 เซนติเมตร ปลายและโคนแหลม ฝักแก่แล้วแตกเป็น 2 ซีกมีเมล็ดจํานวนมาก \r\n', 'The fruit is long, thin flattened with 30 cm long and 1.5-2 wide. The ripped fruit splits into 2 sections, each having many seeds. \r\n', 'เมล็ดเป็นแผ่นบางๆ สีขาวจํานวนมาก และมีครีบเป็นปีก ทําให้สามารถปลิวไปตามลมได้ไกลๆ \r\n', 'The seed has a broad thin transparent wing which helps it easily get blown by the wind.  \r\n', 'เป็นไม้ยืนต้นขนาดกลาง สูง 6-15 เมตร อาจโตวัดรอบได้ถึง 100 เซนติเมตร ลําต้นตรง เปลือกหนา สีเทาอมเหลือง แตกเป็นร่องและเป็นสะเก็ดเล็กๆ ทั้งตามลําต้นและกิ่ง ปลายกิ่งมักห้อยย้อยลง ทําให้รูปทรงเรือนยอดคล้ายร่ม \r\n', 'The trunk is medium sized, 6-15 m tall.  The trunk of a full-grown tree can be up to 100 cm in circumference.  The trunk is straight and thick, cracked, scaly, with yellowish grey barks and branches. Its branches which grow down make it an umbrella-shaped tree.', 'เป็นใบประกอบแบบขนนก 2-3 ชั้น เรียงตรงข้าม ประกอบด้วย ใบย่อยรูปไข่แกมรูปหอก ขอบใบเรียบหรียอาจหยักห่างๆปลายใบแหลมเป็นสิ่งยาว ส่วนโคนใบมน ใต้ใบเห็นเส้นใบชัดเจน \r\n', 'The leaf is bipinnate or tripinnate in opposite directions. The leaflet is ovate and lanceolate in shape and its rim is jagged, acute apex, and obtuse based. Its ventral surface has thick veins.   \r\n', '', ''),
('63201-10220-99-012', 'ดู่บ้าน (ภาคเหนือ), ประดู่บ้าน ประดู่ลาย อังสนา (ภาคกลาง), สะโน (มาเลย์-นราธิวาส)', 'Pterocarpus indicus Willd', '', 'Burma padauk', 'ไม้ยืนต้น', 'ไม้ยืนต้น', '', '', 'เปลือกให้น้ำฝาดสำหรับฟอกหนัง ให้สีน้ำตาลสำหรับย้อมผ้า แก่นให้สีแดงคล้ำสำหรับย้อมผ้า', '', 'ไม้ใช้ปลูกสิ่งก่อสร้างต่างๆ,เป็นไม้ประดับ', '', '\"ออกดอกเป็นช่อแบบช่อกระจะ บริเวณวอกใบที่ปลายกิ่ง กลีบดอก 5 กลีบ\r\nสีเหลือง เมื่อใกล้โรยเป็นสีเหลืองอมน้ำตาล ดอกคล้ายดอกถั่ว \r\nเส้นผ่าศูนย์กลางดอก 1-1.5 เซนติเมตร  กลับดอกบางยับย่น\r\nเกสรเพศผู้ 10 อัน ดอกมักจะบานและร่วงพร้อมๆกัน \r\nและมีกลิ่นหอมอ่อนๆ  ออกดอกเดือนเมษายน-สิงหาคม\"', '', 'เป็นฝักแบนกลม ขนาด 3.5-5 เซนติเมตร\r\n มีปีกรอบๆ', '', 'มีเมล็ดอยู่ตรงกลาง \r\nเมื่อแก่จะแห้ง', '', 'ไม้ยืนต้นขนาดสูงกลง สูง 10-20 เมตร ผลัดใบ \r\nเรือนยอดทรงกลมหรือทรงเจดีย์เตี้ย แผ่กว้าง หนาทึบ เปลือกต้นสีน้ำตาล\r\nแตกตามยาว กิ่งก้านทอดย้อยลงต่ำ โตเร็ว ชอบแดดจัด\r\nถ้าปลูกริมน้ำใบจะร่วงน้อยกว่าปลูกในที่แห้ง ปลูกริมทะเลได้', '', '\"ใบประกอบแบบขนนก ปลายคี่ ใบย่อย 7-13 ใบ เรียงสลับใบรูปขอบขนาน\r\nแกมรูปไข่ กว้าง 4-5 เซนติมเตร ยาว 6-10 เซนติเมตรปลายใบมน\r\nหรือแหลมเป็นติ่งหู โคนใบในกว้าง\r\nแผ่นใบ เรียบและหนา\"', '', '', ''),
('63201-10220-99-018', 'หูกระจง', 'Terminalia ivorensis A. Chev.', '', ' Ivory Coast almond, Black afara', 'ไม้ยืนต้น', '', '', '', '', '', 'เป็นไม้ประดับ', '', 'สีขาว ออกเป็นช่อแบบช่อเชิงลดที่ซอกใบใกล้ปลายกิ่ง\r\nช่อดอกมีลักษณะเป็นแท่ง โคนกลีบเลี้ยงเชื่อมติดกัน ปลายแยกเป็น 5 แฉก\r\nรูปสามเหลี่ยม ไม่มีกลีบดอก ดอกเพศผู้อยู่ปลายช่อ ดอกสมบูรณ์เพศ\r\nอยู่บริเวณโคนช่อ เกสรตัวผู้ 10 อัน', '', 'ผลสดแบบมีเนื้อเมล็ดเดียว รูปใข่หรือรูปรีป้อม\r\nและแบนเล็กน้อย กว้าง 2-5 ซม. ยาว 3-7 ซม.\r\nสีเขียว เมื่อสุกสีเหลืองอมเขียวมีเนื้อ\r\nและชั้นหุ้มเมล็ด ค่อนข้างแข็งและเหนียว เมล็ดรูปรี\r\nสีน้ำตาลออกดอกติดผลเกือบตลอดทั้งปี\r\nขยายพันธุ์โดยการเพาะเมล็ดและตอนกิ่ง', '', 'เมล็ดขนาดเล็กกลม', '', 'ไม้ยืนต้นขนาดใหญ่ สูงประมาณ 15-20 เมตร ขนาดทรงพุ่ม \r\n8-10 เมตร ผลัดใบ ทรงพุ่มแผ่เป็นชั้นๆหนาทึบ \r\nแตกกิ่งตั้งฉากกับลำต้น เมื่อต้นโตเต็มที่ ปลายกิ่งจะลู่ลง\r\nเปลือกต้นสีน้ำตาลมีรอยยแตกเป็นร่องตามแนวยาว\r\nสีน้ำตาลอมเหลืองและมีรอยด่างขาวทั่วทั้งลำต้น', '', 'ใบเดี่ยว เรียงเวียนสลับถี่ที่ปลายกิ่ง รูปใข่กลับ กว้าง 1-1.5 ซม.\r\nยาว 1.5-3 ซม. ปลายใบเป็นติ่งแหลม โคนใบสอบแคบเว้า\r\nและมีต่อม 1 คู่ ขอบใบเรียบ แผ่นใบหนาและเหนียว\r\nสีเขียวเรียบเป็นมัน ใบอ่อนสีน้ำตาลอมเขียว \r\nก้านใบยาวประมาณ 0.4 ซม.', '', '', ''),
('63201-10220-99-027', 'ลมแล้ง/คูณ/ราชพฤกษ์', 'Cassia fistula L.', '', ' Golden shower, Indian laburnum, Pudding-pine tree, Purging Cassia.', 'ไม้ยืนต้น', '', '', '', 'ฝักแก่ สามารถใช้เป็นยาระบายได้ นอกจากนั้น \r\nฝักแก่ยังมีสารที่ออกฤทธิ์ต่อระบบประสาทของแมลง สามารถฉีดพ่นกำจัดแมลงและหนอนในแปลงผักได้\r\nฝักอ่อน สามารถใช้ขับเสมหะได้\r\nใบ สามารถนำมาใช้ในการฆ่าเชื้อโรคได้\r\nดอก ช่วยแก้แผลเรื้อรัง ใช้เป็นยาถ่าย ยาระบาย ช่วยหล่อลื่นลำไส้ รักษาโรคที่เกี่ยวกับกระเพาะอาหาร', '', 'ไม้ใช้ปลูกสิ่งก่อสร้างต่างๆ', '', 'ดอกข่อแบบช่อกระจะตามกิ่ง ช่อดอกห้อย ยาว 20-55 เซนติเมตร \r\nดอกจำนวนมาก สีเหลืองสด มีกลีบเลี้ยง 5 กลีบ \r\nรูปรีแกมรูปไข่หรือรูปไข่กลับ เส้นผ่าศูนย์กลางดอก 5-8 เซนติเมตร\r\nเกสรเพศผู้ 10 อัน ขนาดไม่เท่ากัน\r\nดอกทยอยบานจากโคนช่อมาหาปลายช่อ ออกดอกเดือนกุมภาพันธ์-พฤษภาคม', '', 'ผลเป็นฝักทรงกระบอก กว้าง 1.5-2.5 เซนติเเมตร\r\nยาว 20-60 เซนติเมตร ผิวเกลี้ยง เมื่อแก่สีน้ำตาลเข้มเกือบดำ\r\nเนื้อหุ้มเมล็ดนิ่ม เป็นสีน้ำตาลไหม้ มีแผ่นน้ำตาลแบนๆ\r\nกั้นเป็นช่องๆ ระหว่างเมล็ด', '', 'เมล็ดกลมมน แบน สีน้ำตาลเป็นมัน', '', 'ไม้ยืนต้นขนาดเล็กถึงขนาดกลาง สูง 8-15 เมตร \r\nผลัดใบเรือนยอดทรงกลมแผ่กว้าง เปลือกต้นเรียบเกลี้ยง \r\nสีเทาอ่อน ต้นที่โตเต็มที่เปลือกตเนเป็นสีน้ำตาลเข้ม ทนดินเลว\r\nไม่ควรปลูกที่ที่มีระดับน้ำในดินสูง ปลูกริมทะเลได้', '', 'ใบประกอบแบบขนนก ปลายคู่ เรียงสลับ ใบย่อย 4-12 คู่\r\nรูปป้อม รูปไข่หรือรูปขอบขนานแกมรูปไข่\r\nกว้าง 4-8 เซนติมเตร ยาว 7-15 เซนติเมตร ปลายแหลม \r\nโคนมน เส้นแขนงใบถี่ เนื้อใบค่อนข้างบาง ใต้สีอ่อนกว่าหน้าใบ', '', '', ''),
('63201-10220-99-019', 'พญาสัตบรรณ', 'Alstonia scholaris (L.) R. Br.', '', ' Devil Tree ', 'ไม้ยืนต้น', '', '', '', 'ใช้เปลือกต้นพญาสัตบรรณรักษาโรคบิด ลำไส้ติดเชื้อ และมาลาเรีย ใบใช้ในการรักษาโรคระบบทางเดินหายใจเรื้อรัง\r\nยางสีขาวและใบรักษาแผล แผลเปื่อย และอาการปวดข้อ', '', 'เนื้อไม้ใช้แทนกระดานหินชนวน ทำทุ่นของแหและอวน', '', 'ดอกเป็นช่อขนาดใหญ่ที่ปลายกิ่ง ยาว 7-12 เซนติเมตร \r\nแบ่งเป็นหลายแฉก ดอกอยู่รวมกันเป็นกระจุกกลมที่ปลายแฉก\r\nโคนกลีบดอกเชื่อมติดกันเป็นหลอด ปลายแยกเป็น 5 แฉก\r\nสีขาวอมเหลืองหรือขาวอมเขียว เส้นผ่าศูนย์กลางดอกประมาณ 1 เซนติเมตร\r\nดอกบานนานหลายวัน มีกลิ่นหอมเย็น \r\nออกดอกเดือนพฤศจิกายน-มกราคม', '', 'ผลเป็นฝักกลม เรียงยาว 2 ฝัก ยาว 20-25 เซนนติเมตร เส้นผ่าศูนย์กลาง 2-5 มิลลิเมตร ห้อยลงสู่พื้นดิน เมื่อแก่จะแตกเป็น 2 ซีก ', '', 'เมล็ดทรงบรรทัดแคบๆ \r\nยาวประมาณ 7 มิลลิเมตร \r\nมีขนยาวอ่อนนุ่ม', '', 'ไม้ยืนเต้นขนาดใหญ่ สูง 15-35 เซนติเมตร ไม่ผลัดใบ \r\nเรือนยอดเป็นรูปเจดีย์ ขณะยังเล็ก โตขึ้นจะเป็นชั้นคล้ายฉัตร\r\nโคนต้นมีพูพอน เปลือกสีเทา แตกกิ่งรอบข้อจำนวนมาก\r\nตั้งฉากกับลำต้น  ทุกส่วนมีน้ำยางสีขาวขุ่นคล้ายน้ำนม\r\nโตเร็ว เลี้ยงง่าย ทนแล้ง ทนลม เปลือกค่อนข้างหนา', '', 'ใบเดี่ยวเรียงรอบข้อ 4-7 ใบ รูปใบหอกกลับแกมรูปขอบขนาน\r\nกว้าง 2-6 เซนติเมตร ยาว 5-15 เซนติมเตร \r\nปลายใบใน โคนใบสอบ สีเขียวเข้มเป็นมัน เส้นใบถี่แผ่นใบหนา\r\nและเหนียว', '', '', ''),
('63201-10220-99-033', 'สุพรรณิการ์', 'Cochlospermum regium (Schrank) Pilg.', '', 'Cotton Tree, Yellow Silk Cotton, Butter Cup, Torchwood', 'ไม้ยืนต้น', '', '', '', 'ใบอ่อน นำมาต้มเอาน้ำสระผม ยางจากต้นทำครีมทาบำรุงผิว Karaya gum ทางการค้าเรียกว่า Crystalgum เป็นก้อนสีเหลืองอ่อนหรือน้ำตาลอมชมพู มักใช้ในทางอุตสาหกรรมทอผ้าและการพิมพ์ อุตสาหกรรมอาหารกระป๋อง ผสมไอศกรีมทำให้ข้น เนื้อไม้ต้มกับแป้งเป็นอาหาร รับประทานเป็นยาระบาย ดอกแห้งและใบแห้งใช้เป็นยาบำรุงกำลัง', '', 'เป็นไม้ประดับ', '', 'ดอกเป็๋นช่อออกกระจายที่ปลายกิ่ง บานทีละดอก ดอกเหลืองมีกลิ่น\r\nกลีบบาง เกสรสีเหลือง รังใข่ไม่มีขน ออกดอกเกือบตลอดปี\r\nดอกดกมาก ราวเดือนกุมภาพันธ์-เมษายน', '', 'ผลกลมเมื่อแก่แตก 3-5 พู', '', 'เมล็ดรูปไตสีน้ำตาล\r\nหุ้มด้วยปุยขาวคล้ายปุยฝ้าย', '', '\"เป็นไม้กลางแจ้ง ขึ้นได้ในดินเกือบทุกชนิด ผลัดใบ\r\nสูง 7-15 เมตร กิ่งก้านคดงอ\"', '', 'ใบรูปหัวใจ แผ่นใบแยกเป็น 5 แฉก ขอบใบเป็นคลื่น', '', '', ''),
('63201-10220-99-001', 'กระดังงาไทย', 'Cananga odorata (Lam.) Hook. f. & Thomson', '(Lam.) Hook. f. & Thomson', 'Ylang-ylang', 'ไม้ยืนต้น', '', '', '', '', '', '', '', '', '', '', '', '', '', '', '', '', '', '', ''),
('63201-10220-99-002', '', '', '', '', '', 'Tree', 'อินเดีย ศรีลังกา ไทย มาเลเซีย เอเชียตะวันออกเฉียงใต้ ', 'Native to south east Asia.', 'ใบมีฤทธิ์ระงับประสาท ใช้เป็นยานอนหลับ เพิ่มความดันโลหิต ขับปัสสาวะ และบรรเทาอาการปวดประจำเดือน ใบและดอกแกงกินได้เป็นระบายในตัว แก้เหน็บชา ดอกและยอดนำมาปรุงเป็นอาหารได้ ', 'The leaf has sedative and diuretic effects.  It also increases blood pressure and relieves dysmenorrhea. Curry with Thai copper pod leaves has a laxative effect and cures beriberi. The fruits and twigs are edible.', '', '', 'ออกเป็นช่อ ที่ปลายกิ่ง ช่อดอกยาว 20-30 เซนติเมตร ดอกย่อย 10-60 ดอก กลีบดอก 5 กลีบ รูปไข่กลับ สีเหลืองเส้นผ่านศูนย์กลางดอก 1.5-2.5 เซนติเมตร เกศร เพศผู้ 10 อัน ดอกทยอยบาน ออกดอกตลอดปี ', 'The flowers of  Thai Copper Pod are yellow in branched clusters at the end of twigs and 20-30 cm long. Each cluster has 10-60 flowers. The flower has 10 stamen and 5 obovate petals with 1.5-2.5 cm in diameter. The flowers bloom all year round. ', 'เป็นฝักแบนสีน้ำตาล ', 'The pods are brown flat.', 'เมล็ดแบนสีน้ำตาล กว้าง 1-1.5เซนติเมตร ยาว20-30 เซนติเมตร เมล็ด 20-30 เมล็ด', 'The pod has brown flat seeds, 1-1.5 cm wide and 20-30 cm long, containing 20-30 seeds.', 'ไม้ยืนต้น ขนาดเล็กถึงขนาดกลางสูง 8 - 15 เมตร ไม่ผลัดใบเรือนยอดแผ่กว้าง เปลือกต้นสีเทาอมน้ำตาล และแตกเป็นร่องตามแนวยาว', 'It is an evergreen tree, 8-15 m high with a spreading crown. Its bark is grey and light brown and has vertical fissure on.  ', 'ใบประกอบขนนก ออกสลับกัน ประกอบด้วยใบย่อย 5-14 คู่ ใบรูปขอบขนานกว้าง 1-1.5เซนติเมตร ยาว 3-7 เซนติเมตร ปลายและโคนใบมนหรือแหลม ใบสีเขียวเข้ม ใต้ใบมีขนสั้น ', 'The tree has pinnately compound leaves of which the leaflets arrange in 5-14 pairs along a rachis. Each leaf is 3-7 cm long and 1-1.5 cm wide. The leaflet is elliptic with a rounded tip.  The leaflet is dark green and has tomentosus hair on its ventral surface.', '', ''),
('63201-10220-99-003', 'แคนา', 'Dolichandrone serrulata Wall. ex DC. Seem.', 'Wall. ex DC. Seem.', 'Thai Copper Pod', 'ไม้ยืนต้น', '', '', '', '', '', '', '', '', '', '', '', '', '', '', '', '', '', '', ''),
('63201-10220-99-004', 'แคแสด', 'Spathodea campanulata P.Beauv.', 'P.Beauv.', 'African tulip tree, Fire bell, Fouain tree, Flame of the Forest', 'ไม้ยืนต้น', '', '', '', '', '', '', '', '', '', '', '', '', '', '', '', '', '', '', ''),
('63201-10220-99-005', 'ชมพูพันทิพย์', 'Tabebuia rosea DC.', 'DC.', 'Pink trumpet tree', 'ไม้ยืนต้น', '', '', '', '', '', '', '', '', '', '', '', '', '', '', '', '', '', '', ''),
('63201-10220-99-006', 'ชมพู่มะเหมี่ยว', 'Syzygiumm malaccense (L.) Merr. & L.M.Perry', '(L.) Merr. & L.M.Perry', 'Malay apple, Pomera', 'ไม้ยืนต้น', '', '', '', '', '', '', '', '', '', '', '', '', '', '', '', '', '', '', ''),
('63201-10220-99-007', 'ชมพู่สาแหรก', 'Syzygium malaccense (L.) Merr. & L.M.Perry', '(L.) Merr. & L.M.Perry', 'Malay apple, Pomerac, Rosa apple', 'ไม้ยืนต้น', '', '', '', '', '', '', '', '', '', '', '', '', '', '', '', '', '', '', ''),
('63201-10220-99-008', 'ตะแบก', 'Lagerstroemia floribunda Jack 1820', 'Jack 1820', 'Bungor', 'ไม้ยืนต้น', '', '', '', '', '', '', '', '', '', '', '', '', '', '', '', '', '', '', ''),
('63201-10220-99-009', 'ตีนเป็ดน้ำ', 'Cerbera odollam Gaertn.', 'Gaertn.', 'Pong Pong', 'ไม้ยืนต้น', 'Tree', 'หมู่เกาะอันดามัน บังคลาเทศ บอร์เนียว อินเดีย หมู่เกาะคุก กัมพูชา ชวา มาเลเชีย หมู่เกาะมาเรียนา พม่า นิวแคลิโดเนีย หมู่เกาะนิโคบาร์ ฟิลิปปินส์ ควีนส์แลนด์ ซามัว สังคมคือศรีลังกา สุลาเวสี สุมาตรา ไทย ตองกา วานูอาตู เวียดนาม ประเทศตรินิแดดและโตเบโก', 'It is native to Andaman archipelago, Bangladesh, India, Borneo, Cook islands, Cambodia, Java, Malaysia, Mariana islands, Burma, New Caledonia islands, Nicobar islands, the Philippines, Queensland, Samoa, Sri Lanka, Sumatra, Thailand, Tonga, Vanuatu, Vietnam, Trinidad and Tobago.', 'รากช่วยแก้ลม แก้ลมให้กระจาย ต้นและเปลือกใช้เป็นยาแก้ไข้หวัด แก้ไข้เพื่อดีพิการ มีฤทธิ์เป็นยาถ่าย ใบรสเฝื่อนแก้ไข้หวัด และไข้ตัวร้อน ดอกรสเฝื่อนแก้ไข้ริดสีดวงทวาร เมล็ดช่วยบำรุงหัวใจ ', 'The root resolves flatulence. The bark and trunk are used to cure a cold and it also has a purgative effect. The leaves are used to cure a cold and relieve fever. The flowers, tasting bitter, are used to treat hemorrhoid. The seed is good for one’s heart.', 'ไม้ใช้เนื้อไม้ ไม้ประดับ ไม้ให้ร่มเงา', 'This tree is used for decoration and it provides shade.', 'ดอก ออกเป็นช่อกระจุกที่ปลายกิ่ง สีขาว ดอกย่อยมีขนาดเส้นผ่าศูนย์กลาง 3-5 ซม. กลีบดอกเชื่อมติดกันเป็นหลอด ปลายแยกเป็น 5 กลีบ มีกลีบเลี้ยง 5 กลีบ', 'The flower is white with 3-5 cm in diameter.  It grows in cluster at a terminal bud. The aestivation of a petal is sympetalous and tabular with 5 corolla lobes and 5 sepals.', 'ผล เป็นผลสด สีเขียว ค่อนข้างกลม ขนาด 6-10 ซม. ผิวเรียบเกลี้ยงเป็นมัน เมื่อผลแก่จัดจะเปลี่ยนเป็นสีเขียวอมม่วงถึงม่วงเข้ม', 'The fruit is greenish round and luster-glossed with 6-10 cm in diameter. The ripped fruit turns greenish purple or dark purple.', 'เมล็ดเป็นแผ่นบางๆ สีขาวจํานวนมาก และมีครีบเป็นปีก ทําให้สามารถปลิวไปตามลมได้ไกลๆ \r\n', 'The seed has a broad thin transparent wing which helps it easily get blown by the wind.  \r\n', 'ลำต้น เป็นไม้ยืนต้นไม่ผลัดใบขนาดเล็ก สูง 5-15 ม. ลำต้นแตกกิ่งต่ำ เรือนยอดแผ่กว้าง ทรงกลม ทุกส่วนมีน้ำยาวสีขาว เปลือกเรียบสีเทาหรือสีน้ำตาลอ่อน มีช่องระบายอากาศเป็นร่องยาว', 'The trunk is small-sized. The tree is insidious, and its trunk is 5-15 m tall.  The trunk has a round crown spreading out elliptically. Every part of the trunk has white latex. The bark is greyish or light brown and smooth.', 'ใบ ใบเดี่ยว ออกเรียงเวียนรอบกิ่ง แผ่นใบรูปหอกแกมรูปไข่กลับ กว้าง 4-8 ซม. ยาว 15-30 ซม. ผิวใบเกลี้ยงทั้งสองด้าน โคนใบสอบแคบ ปลายใบเป็นติ่งแหลม ก้านใบยาว 2-3 ซม.', 'The leaf is simple.  And leaves are spirally arranged around branches. The leaf blade is lanceolate and obovate with 4-8 cm wide. The upper-side and under-side of the leaf are smooth. Its petiole is narrow, with 2-3 cm in length.  Its leaf apex is cuspidate.', '', ''),
('63201-10220-99-010', 'นนทรี', 'Peltophorum pterocarpum (DC.) K. Heyne.', '(DC.) K. Heyne', 'Yellow Poinciana , Copper Pod , Yellow Flamboyant', 'ไม้ยืนต้น', '', '', '', '', '', '', '', '', '', '', '', '', '', '', '', '', '', '', ''),
('63201-10220-99-011', 'บุญนาค', 'Mesua ferrea L.', 'L.', 'Iron wood, Indian rose chestnut', 'ไม้ยืนต้น', '', '', '', '', '', '', '', '', '', '', '', '', '', '', '', '', '', '', ''),
('63201-10220-99-013', 'ประดู่ป่า', 'Pterocarpus  macrocarpus Kurz', 'Kurz', ' Burma padauk', 'ไม้ยืนต้น', '', '', '', '', '', '', '', '', '', '', '', '', '', '', '', '', '', '', ''),
('63201-10220-99-014', 'ปาล์มขวด', 'Roystonea regia (Kunth) O.F.Cook', '(Kunth) O.F.Cook', 'royal palm', 'ไม้ยืนต้น', '', '', '', '', '', '', '', '', '', '', '', '', '', '', '', '', '', '', ''),
('63201-10220-99-015', 'ปาล์มพัด', 'Pritchardia pacifica Seem. & H.Wendl.', 'Seem. & H.Wendl.', 'Fiji Fan Palm', 'ไม้ยืนต้น', '', '', '', '', '', '', '', '', '', '', '', '', '', '', '', '', '', '', ''),
('63201-10220-99-016', 'ปาล์มหางจิ้งจอก', 'Wodyetia bifurcata A.K. Irvine', 'A.K. Irvine', 'black palm', 'ไม้ยืนต้น', '', '', '', '', '', '', '', '', '', '', '', '', '', '', '', '', '', '', ''),
('63201-10220-99-020', 'พิกุล', 'Mimusops  elengi L.', 'L.', 'Asian bulletwood, Bullet wood, Bukal, Tanjong tree, Medlar, Spanish cherry', 'ไม้ยืนต้น', '', '', '', '', '', '', '', '', '', '', '', '', '', '', '', '', '', '', ''),
('63201-10220-99-021', 'โพธิ์', ' Ficus  religiosa L.', 'L.', 'Sacred Fig Tree, Pipal Tree, Bohhi Tree, Bo Tree, Peepul', 'ไม้ยืนต้น', '', '', '', '', '', '', '', '', '', '', '', '', '', '', '', '', '', '', ''),
('63201-10220-99-022', 'มะขามเทศ', 'Pithecellobium dulce (Roxb.) Benth.', '(Roxb.) Benth.', 'Manila tamarind', 'ไม้ยืนต้น', '', '', '', '', '', '', '', '', '', '', '', '', '', '', '', '', '', '', ''),
('63201-10220-99-023', 'มะรุม', 'Moringa oleifera Lam.', 'Lam.', 'Horse radish tree, Drumstick', 'ไม้ยืนต้น', '', '', '', '', '', '', '', '', '', '', '', '', '', '', '', '', '', '', ''),
('63201-10220-99-024', 'มะละกอฝรั่ง', 'Jatropha multifida L.', 'L.', 'Coral Bush , Coral Plant, Physic Nut', 'ไม้ยืนต้น', '', '', '', '', '', '', '', '', '', '', '', '', '', '', '', '', '', '', ''),
('63201-10220-99-025', 'มะฮอกกานีใบเล็ก', 'Swietenia  mahogani (L.) Jacq.', '(L.) Jacq.', ' Broad Leaf Mahogany, False Mahogany, Honduras Mahogany', 'ไม้ยืนต้น', '', '', '', '', '', '', '', '', '', '', '', '', '', '', '', '', '', '', ''),
('63201-10220-99-026', 'โมก', 'Wrightia religiosa  (Teijsm. & Binn.) Benth.', '(Teijsm. & Binn.) Benth.', 'Water jasmine, Wild water plum', 'ไม้ยืนต้น', '', '', '', '', '', '', '', '', '', '', '', '', '', '', '', '', '', '', ''),
('63201-10220-99-028', 'ลีลาวดี', 'Plumeria alba L.', 'L.', 'Frangipani, Plumeria, Templetree', 'ไม้ยืนต้น', '', '', '', '', '', '', '', '', '', '', '', '', '', '', '', '', '', '', ''),
('63201-10220-99-029', 'ศรีตรัง', 'Jacaranda obtusfolia Humb. & Bonpl. ssp. rhombifolia (G.Mey.)', 'Humb. & Bonpl. ssp. rhombifolia (G.Mey.)', 'Green ebony , Jacaranda', 'ไม้ยืนต้น', '', '', '', '', '', '', '', '', '', '', '', '', '', '', '', '', '', '', ''),
('63201-10220-99-030', 'สนฉัตร', 'Araucaria heterophylla (Salisb.) Franco', '(Salisb.) Franco', 'Norfolk island pine, House wine', 'ไม้ยืนต้น', '', '', '', '', '', '', '', '', '', '', '', '', '', '', '', '', '', '', ''),
('63201-10220-99-031', 'สารภีทะเล', 'Calophyllum  inophyllum L.', 'L.', 'Alexandrian Laurel', 'ไม้ยืนต้น', '', '', '', '', '', '', '', '', '', '', '', '', '', '', '', '', '', '', ''),
('63201-10220-99-032', 'สาละ', 'Shorea robusta Roth', 'Roth', 'Connon ball Tree', 'ไม้ยืนต้น', '', '', '', '', '', '', '', '', '', '', '', '', '', '', '', '', '', '', ''),
('63201-10220-99-034', 'เสลา', 'Lagerstroemia loudoni Teijsm. & Binn', 'Teijsm. & Binn', 'Thai bungor', 'ไม้ยืนต้น', '', '', '', '', '', '', '', '', '', '', '', '', '', '', '', '', '', '', ''),
('63201-10220-99-035', 'แสงจันทร์', 'Pisonia grandis R. Br.', 'R. Br.', 'Cabbage Tree, Gatae, Lettuce tree, moonlight tree, Pisonia, Puatea, Mollucean Cabbage, Nachukottaikeerai, Chinai-Salit', 'ไม้ยืนต้น', '', '', '', '', '', '', '', '', '', '', '', '', '', '', '', '', '', '', ''),
('63201-10220-99-036', 'หมากเขียว', 'Ptychosperma macarthurii (H.Wendl. ex H.J.Veitch) H.Wendl. ex Hook.f.', '(H.Wendl. ex H.J.Veitch) H.Wendl. ex Hook.f.', 'Macarthurs Palm', 'ไม้ยืนต้น', '', '', '', '', '', '', '', '', '', '', '', '', '', '', '', '', '', '', ''),
('63201-10220-99-037', 'หมากแดง', 'Cyrtostachys renda Blume', 'Blume', 'Sealing wax palm, lipstick palm, Raja palm, Maharajah Palm', 'ไม้ยืนต้น', '', '', '', '', '', '', '', '', '', '', '', '', '', '', '', '', '', '', ''),
('63201-10220-99-038', 'หมากเหลือง', 'Dypsis lutescens (H.Wendl.) Beentje & J.Dransf.', '(H.Wendl.) Beentje & J.Dransf.', ' yellow palm, butterfly palm', 'ไม้ยืนต้น', '', '', '', '', '', '', '', '', '', '', '', '', '', '', '', '', '', '', ''),
('63201-10220-99-039', 'หางนกยูงฝรั่ง', 'Delonix regia (Boj. ex Hook.) Raf.', '(Boj. ex Hook.) Raf.', 'Flame Tree, Royal Poinciana, Flamboyant', 'ไม้ยืนต้น', '', '', '', '', '', '', '', '', '', '', '', '', '', '', '', '', '', '', ''),
('63201-10220-99-040', 'เหลืองปรีดียาธร', 'Tabebuia aurea (Silva Manso) Benth. & Hook.f. ex S.Moore', '(Silva Manso) Benth. & Hook.f. ex S.Moore', 'Paraguayan Silver Trumpet Tree / Silver Trumpet Tree / Tree of Gold', 'ไม้ยืนต้น', '', '', '', '', '', '', '', '', '', '', '', '', '', '', '', '', '', '', ''),
('63201-10220-99-041', 'เหลืองอินเดีย', 'Tabebuia chrysantha Nichols', 'Nichols', ' Golden Tree', 'ไม้ยืนต้น', '', '', '', '', '', '', '', '', '', '', '', '', '', '', '', '', '', '', ''),
('63201-10220-99-042', 'อโศกอินเดีย', 'Polyalthia longifolia (Benth.) Hook. f.', '(Benth.) Hook. f.', 'The Mast Tree, Cemetery Tree', 'ไม้ยืนต้น', '', '', '', '', '', '', '', '', '', '', '', '', '', '', '', '', '', '', ''),
('63201-10220-99-044', 'อินทผาลัม', 'Phoenix dactylifera L.', 'L.', ' Date Palm', 'ไม้ยืนต้น', '', '', '', '', '', '', '', '', '', '', '', '', '', '', '', '', '', '', ''),
('63201-10220-99-043', 'อินทนิล', 'Lagerstroemia speciosa (L.) Pers.', '(L.) Pers.', 'Queen\'s flower, Queen\'s crape myrtle, Pride of India, Jarul', 'ไม้ยืนต้น', '', '', '', '', '', '', '', '', '', '', '', '', '', '', '', '', '', '', ''),
('63201-10220-99-043', 'อินทนิล', 'Lagerstroemia speciosa (L.) Pers.', '(L.) Pers.', 'Queen\'s flower, Queen\'s crape myrtle, Pride of India, Jarul', 'ไม้ยืนต้น', '', '', '', '', '', '', '', '', '', '', '', '', '', '', '', '', '', '', ''),
('63201-10220-99-045', 'คอร์เดีย', '', '', '', '', '', '', '', '', '', '', '', '', '', '', '', '', '', '', '', '', '', '', ''),
('63201-10220-99-046', 'ชงโค', '', '', '', 'ไม้ยืนต้น ', 'Tree', 'ถิ่นกำเนิด ในเอเซียตะวันออกเฉียงใต้ บางตำราว่าในอินเดีย ', 'Native to India and south east Asia', '', '', 'เป็นไม้ประดับ ดอกสวย ดูแลง่าย ', 'It is used for the decoration. ', 'ดอกเป็นช่อที่ซอกใบและปลายกิ่ง กลีบดอก 5 กลีบ รูปไข่กลับ ยาว 3- 8 เซนติเมตร ปลายมน โคนคอดเรียว สีชมพูม่วง ถึงม่วงสด เส้นผ่านศูนย์กลาง 8- 15 เซนติเมตร ดอกเป็นหมัน มีกลิ่นหอม ออกดอกเกือบตลอดปี ดอกดกช่วงฤดูหนาว ดอกคล้ายดอกกล้วยไม้ ', 'The flowers are arranged in panicles at the end of branches and axils. Each flower has five petals, and each petal is 3-8 cm long, oblanceolate, narrow at the base. Flowers are pinkish purple or purple with a diameter about 8-15 cm. Flowers are neutral and scented and they look similar in appearance', 'ผลเป็นฝักแบน ', 'Fruits are elongated pods. ', 'เมล็ดกลมรีแบน เรียงในฝัก ', 'The seeds are round and flat in pods.', 'ไม้ต้นขนาดกลาง สูงไม่เกิน 12 เมตร ไม่ผลัดใบ เรือนยอดรูปทรงไม่แน่นอน แตกกิ่งก้านแผ่กว้าง ', 'It is a medium-sized deciduous tree. Its height is less than 12 meters. The crown shape can be varied. It branches out horizontally. ', 'ใบเดี่ยว เรียงสลับ รูปร่างค่อนข้างกลม ขนาดประมาณ 20 เซนติเมตร ปลายเว้าลึก โคนใบมนหรือเว้าคล้ายรูปหัวใจ. ', 'The phyllotaxy of leaves is decussate. The leaves split about halfway down into 2 acute or rounded lobes or cordate shape which are around 20 cm long. ', '', '');

-- --------------------------------------------------------

--
-- Table structure for table `plantfamily`
--

CREATE TABLE `plantfamily` (
  `PlantfamilyID` char(10) COLLATE utf8mb4_thai_520_w2 NOT NULL,
  `PlantfamilyName` varchar(30) COLLATE utf8mb4_thai_520_w2 NOT NULL
) ENGINE=InnoDB DEFAULT CHARSET=utf8mb4 COLLATE=utf8mb4_thai_520_w2;

-- --------------------------------------------------------

--
-- Table structure for table `season`
--

CREATE TABLE `season` (
  `SeasonID` char(2) COLLATE utf8mb4_thai_520_w2 NOT NULL,
  `SeasonName` varchar(30) COLLATE utf8mb4_thai_520_w2 NOT NULL
) ENGINE=InnoDB DEFAULT CHARSET=utf8mb4 COLLATE=utf8mb4_thai_520_w2;

-- --------------------------------------------------------

--
-- Table structure for table `zone`
--

CREATE TABLE `zone` (
  `ZoneID` char(3) COLLATE utf8mb4_thai_520_w2 NOT NULL,
  `ZoneName` varchar(20) COLLATE utf8mb4_thai_520_w2 NOT NULL,
  `ZoneDescription` varchar(10) COLLATE utf8mb4_thai_520_w2 NOT NULL
) ENGINE=InnoDB DEFAULT CHARSET=utf8mb4 COLLATE=utf8mb4_thai_520_w2;

--
-- Indexes for dumped tables
--

--
-- Indexes for table `admin`
--
ALTER TABLE `admin`
  ADD PRIMARY KEY (`AdminID`);

--
-- Indexes for table `area`
--
ALTER TABLE `area`
  ADD PRIMARY KEY (`plantlocationID`);

--
-- Indexes for table `extraction`
--
ALTER TABLE `extraction`
  ADD PRIMARY KEY (`ExtractionID`);

--
-- Indexes for table `images`
--
ALTER TABLE `images`
  ADD PRIMARY KEY (`ImagesID`);

--
-- Indexes for table `plantfamily`
--
ALTER TABLE `plantfamily`
  ADD PRIMARY KEY (`PlantfamilyID`);

--
-- Indexes for table `season`
--
ALTER TABLE `season`
  ADD PRIMARY KEY (`SeasonID`);

--
-- Indexes for table `zone`
--
ALTER TABLE `zone`
  ADD PRIMARY KEY (`ZoneID`);

--
-- AUTO_INCREMENT for dumped tables
--

--
-- AUTO_INCREMENT for table `images`
--
ALTER TABLE `images`
  MODIFY `ImagesID` int(11) NOT NULL AUTO_INCREMENT, AUTO_INCREMENT=10;
COMMIT;

/*!40101 SET CHARACTER_SET_CLIENT=@OLD_CHARACTER_SET_CLIENT */;
/*!40101 SET CHARACTER_SET_RESULTS=@OLD_CHARACTER_SET_RESULTS */;
/*!40101 SET COLLATION_CONNECTION=@OLD_COLLATION_CONNECTION */;
